1990/11/21,スーパーマリオワールド,任天堂,8000
1990/11/21,F-ZERO,任天堂,7000
1990/12/1,ボンバザル,コトブキシステム,6500
1990/12/16,アクトレイザー,エニックス,8000
1990/12/16,ポピュラス,イマジニア,8800
1990/12/21,パイロットウイングス,任天堂,8000
1990/12/21,グラディウスIII,コナミ,7800
1990/12/21,ファイナルファイト,カプコン,8500
1990/12/29,SDザ・グレイトバトル 新たなる挑戦,バンプレスト,8200
1991/2/23,ジャンボ尾崎のホールインワン,HAL研究所,8900
1991/3/20,ビッグラン,ジャレコ,8700
1991/3/29,ダライアスツイン,タイトー,8500
1991/4/5,遙かなるオーガスタ,T&Eソフト,9800
1991/4/6,ウルトラマン 空想特撮シリーズ,バンダイ,7800
1991/4/26,シムシティ,任天堂,8000
1991/5/17,スーパープロフェッショナルベースボール,ジャレコ,8700
1991/5/24,ドラッケン,コトブキシステム,8500
1991/5/28,ガデュリン,セタ,8800
1991/6/21,イースIII ワンダラーズフロムイース,トンキンハウス,8800
1991/7/2,スーパースタジアム,セタ,8800
1991/7/6,機動戦士ガンダムF91 フォーミュラー戦記0122,バンダイ,9500
1991/7/12,スーパーウルトラベースボール,カルチャーブレーン,8800
1991/7/13,スーパーR-TYPE,アイレム,8500
1991/7/19,ファイナルファンタジーIV,スクウェア,8800
1991/7/19,がんばれゴエモン〜ゆき姫救出絵巻〜,コナミ,8800
1991/7/20,バトルドッジボール 闘球大激突!,バンプレスト,9600
1991/7/26,エリア88,カプコン,8500
1991/8/9,白熱プロ野球ガンバリーグ,エピックソニーレコード,8500
1991/8/23,初段 森田将棋,セタ,8800
1991/8/30,スーパーテニス ワールドサーキット,トンキンハウス,7800
1991/8/31,ハイパーゾーン,HAL研究所,8500
1991/9/13,ジェリーボーイ,エピックソニーレコード,8500
1991/9/15,スーパー三國志II,光栄,14800
1991/9/20,プロサッカー,イマジニア,8000
1991/10/4,超魔界村,カプコン,8500
1991/10/25,スーパーE.D.F.,ジャレコ,8700
1991/10/29,ファイナルファンタジーIV イージータイプ,スクウェア,9000
1991/10/31,悪魔城ドラキュラ,コナミ,8800
1991/11/21,ゼルダの伝説 神々のトライフォース,任天堂,8000
1991/11/29,雷電伝説,東映動画,8700
1991/12/6,JOE&MAC 戦え原始人,データイースト,8500
1991/12/13,スーパーワギャンランド,ナムコ,8300
1991/12/13,スーパーフォーメーションサッカー,ヒューマン,7700
1991/12/13,ちびまる子ちゃん 「はりきり365日」の巻,エポック社,8800
1991/12/13,ラグーン,コトブキシステム,8500
1991/12/18,レミングス,サンソフト,8500
1991/12/20,スーパーファイヤープロレスリング,ヒューマン,8500
1991/12/20,ダンジョンマスター,ビクターエンタテインメント,9800
1991/12/20,ディメンションフォース,アスミック,8500
1991/12/21,SDガンダム外伝 ナイトガンダム物語 大いなる遺産,エンジェル,9500
1991/12/21,スーパー信長の野望 武将風雲録,光栄,11800
1991/12/27,サンダースピリッツ,東芝EMI,8600
1991/12/27,反省ザルジローくんの大冒険,ナツメ,7000
1991/12/28,スーパーチャイニーズワールド,カルチャーブレーン,8800
1991/12/29,シムアース,イマジニア,9600
1991/12/29,バトルコマンダー 八武衆、修羅の兵法,バンプレスト,9800
1992/1/11,高橋名人の大冒険島,ハドソン,8500
1992/1/17,プロフットボール,イマジニア,7900
1992/1/25,ドラゴンボールZ 超サイヤ伝説,バンダイ,9500
1992/1/28,ロマンシング サ・ガ,スクウェア,9500
1992/1/31,ソウルブレイダー,エニックス,8800
1992/2/14,ドラゴンスレイヤー英雄伝説,エポック社,9800
1992/2/21,エキゾースト・ヒート,セタ,8900
1992/2/28,魂斗羅スピリッツ,コナミ,8500
1992/2/28,ロケッティア,アイジーエス,8900
1992/3/6,スーパーバーディーラッシュ,データイースト,8800
1992/3/7,弟切草,チュンソフト,8800
1992/3/19,スーパー伊忍道 打倒信長,光栄,11800
1992/3/19,R.P.M.レーシング,ビクターエンタテインメント,8800
1992/3/19,新世紀GPXサイバーフォーミュラ,タカラ,8800
1992/3/20,ファイナルファイト・ガイ,カプコン,8500
1992/3/20,超攻合神サーディオン,アスミック,8800
1992/3/27,スーパーファミスタ,ナムコ,7900
1992/3/27,ハットトリックヒーロー,タイトー,8000
1992/3/27,ザ・グレイトバトルII ラストファイターツイン,バンプレスト,8200
1992/3/27,ラッシング・ビート,ジャレコ,8700
1992/3/27,スマッシュT.V.,アスキー,7800
1992/3/27,ストライクガンナー S.T.G.,アテナ,8900
1992/3/27,カードマスター リムサリアの封印,HAL研究所,8900
1992/3/27,トップレーサー,コトブキシステム,7800
1992/3/27,バトルグランプリ,ナグザット,8500
1992/3/27,らんま1/2 町内激闘篇,日本コンピュータシステム,8800
1992/3/27,スーパーヴァリス 赤き月の乙女,レーザーソフト,8500
1992/3/28,まじかる☆タルるートくん MAGIC ADVENTURE,バンダイ,8000
1992/4/3,ウルティマVI 偽りの予言者,ポニーキャニオン,9800
1992/4/5,エアーマネジメント 大空に賭ける,光栄,11800
1992/4/5,オセロワールド,ツクダオリジナル,8700
1992/4/10,ペブルビーチの波涛,T&Eソフト,9800
1992/4/21,豪槍神雷伝説「武者」,データム・ポリスター,8800
1992/4/24,スーパーカップサッカー,ジャレコ,9000
1992/4/24,ヘラクレスの栄光III 神々の沈黙,データイースト,8800
1992/4/24,WWFスーパーレッスルマニア,アクレイムジャパン,8800
1992/4/24,摩訶摩訶,シグマ,8700
1992/4/28,スーパーアレスタ,東宝,8700
1992/4/28,拳闘王ワールドチャンピオン,ソフエル,8000
1992/4/28,F-1 GRAND PRIX,ビデオシステム,9700
1992/4/28,スーパー上海ドラゴンズアイ,ホット・ビィ,7800
1992/5/1,バトルブレイズ,サミー,8700
1992/5/23,甲竜伝説ヴィルガスト 消えた少女,バンダイ,9000
1992/5/29,マジックソード,カプコン,8500
1992/5/29,斬IIスピリッツ,ウルフ・チーム,9800
1992/6/10,ストリートファイターII,カプコン,9800
1992/6/19,スーパーダンクショット,HAL研究所,8600
1992/6/19,スーパー将棋,アイマックス,8800
1992/6/26,キャメルトライ,タイトー,8500
1992/6/26,横山光輝 三国志,エンジェル,9500
1992/6/26,甲子園2,ケイアミューズメントリース,8900
1992/6/26,アストラルバウト,キングレコード,9030
1992/7/3,パロディウスだ! 〜神話からお笑いへ〜,コナミ,8500
1992/7/3,PGAツアーゴルフ,イマジニア,8500
1992/7/3,スーパーボウリング,アテナ,8300
1992/7/3,ライトファンタジー,トンキンハウス,8900
1992/7/3,スーパーオフロード,パックインビデオ,6900
1992/7/3,プリンス・オブ・ペルシャ,日本コンピュータシステム,8800
1992/7/10,ゆうゆのクイズでGO!GO!,タイトー,8500
1992/7/10,北斗の拳5 天魔流星伝 哀絶章,東映動画,8900
1992/7/14,マリオペイント,任天堂,9800
1992/7/14,鈴木亜久里のF1スーパードライビング,ロジーク,8800
1992/7/17,キャプテン翼III 皇帝の挑戦,テクモ,9700
1992/7/17,ダイナウォーズ,アイレム,8800
1992/7/17,フック,エピックソニーレコード,8500
1992/7/17,パチンコウォーズ,ココナッツジャパンエンターテイメント,9500
1992/7/23,サンドラの大冒険 ワルキューレとの出逢い,ナムコ,8300
1992/7/24,アースライト,ハドソン,8500
1992/7/24,サイバリオン,東芝EMI,8600
1992/7/24,ブレイゾン,アトラス,8800
1992/7/24,ウルティメイトフットボール,サミー,8700
1992/7/24,T.M.N.T. タートルズ イン タイム,コナミ,8800
1992/7/24,スーパーF1サーカス,日本物産,8800
1992/7/28,3×3EYES 聖魔降臨伝,ユタカ,9500
1992/7/31,キング・オブ・ザ・モンスターズ,タカラ,8800
1992/7/31,飛龍の拳Sゴールデンファイター,カルチャーブレーン,9700
1992/7/31,炎の闘球児 ドッジ弾平,サンソフト,8500
1992/7/31,機甲警察メタルジャック,アトラス,8800
1992/8/5,スーパー大航海時代,光栄,11800
1992/8/7,スーパー桃太郎電鉄II,ハドソン,8800
1992/8/7,スーパーパン,カプコン,7500
1992/8/7,スーパープロフェッショナルベースボールII,ジャレコ,9000
1992/8/7,スピンディジーワールド,アスキー,8800
1992/8/7,ファランクス,コトブキシステム,8900
1992/8/7,初代熱血硬派くにおくん,テクノスジャパン,8900
1992/8/7,パイプドリーム,BPS,7500
1992/8/11,ホーム・アローン,アルトロン,8800
1992/8/21,キン肉マン DIRTY CHALLENGER,ユタカ,7800
1992/8/22,スーパー麻雀,アイマックス,8000
1992/8/27,スーパーマリオカート,任天堂,8900
1992/8/28,CBキャラウォーズ 失われたギャ〜グ,バンプレスト,8500
1992/8/28,ウルトラベースボール実名版,マイクロアカデミー,8800
1992/9/11,アクスレイ,コナミ,8800
1992/9/11,アクロバットミッション,テイチク,8800
1992/9/12,SD機動戦士ガンダム V作戦始動,エンジェル,7800
1992/9/12,スーパー麻雀大会,光栄,9800
1992/9/18,スーパーガチャポンワールド SDガンダムX,ユタカ,9500
1992/9/18,ワイアラエの奇蹟,T&Eソフト,9800
1992/9/24,提督の決断,光栄,14800
1992/9/25,ソニックブラストマン,タイトー,8900
1992/9/25,大戦略エキスパート,アスキー,9800
1992/9/25,銀河英雄伝説,徳間書店インターメディア,9800
1992/9/25,ぎゅわんぶらあ自己中心派 麻雀皇位戦,パルソフト,8800
1992/9/27,ドラゴンクエストV 天空の花嫁,エニックス,9600
1992/9/29,スカイミッション,ナムコ,8300
1992/10/9,ロードモナーク,エポック社,8800
1992/10/16,リターン・オブ・ダブルドラゴン,テクノスジャパン,8600
1992/10/22,スーパーロイヤルブラッド,光栄,9800
1992/10/23,スーパーF1サーカスリミテッド,日本物産,9200
1992/10/23,アダムスファミリー,ミサワエンターテインメント,8800
1992/10/29,コズモギャング ザ ビデオ,ナムコ,7900
1992/10/30,真・女神転生,アトラス,9800
1992/10/30,サイバーナイト,トンキンハウス,8900
1992/11/6,スーパーリニアボール,ヒロ,8000
1992/11/8,三國志III,光栄,14800
1992/11/13,レナス,アスミック,9600
1992/11/13,スーパーSWIV,ココナッツジャパンエンターテイメント,9500
1992/11/20,ヒーロー戦記 プロジェクト オリュンポス,バンプレスト,9600
1992/11/20,ミッキーのマジカルアドベンチャー,カプコン,8500
1992/11/20,ウィザードリィV,アスキー,9800
1992/11/20,ヒューマン・グランプリ,ヒューマン,9700
1992/11/20,アメリカ横断ウルトラクイズ,トミー,8700
1992/11/20,北斗の拳6 激闘伝承拳覇王への道,東映動画,8900
1992/11/20,対決!! ブラスナンバーズ,レーザーソフト,8500
1992/11/21,カコマナイト,データム・ポリスター,7800
1992/11/27,アウターワールド,ビクターエンタテインメント,8800
1992/11/27,ロイヤルコンクエスト,ジャレコ,8500
1992/11/27,餓狼伝説,タカラ,9800
1992/11/27,ガンフォース,アイレム,8300
1992/11/27,バルバロッサ,サミー,9800
1992/11/27,バレーボールTwin,トンキンハウス,8900
1992/11/27,あしたのジョー,ケイアミューズメントリース,8900
1992/11/27,ソングマスター,やのまん,9000
1992/11/27,パワーアスリート,KANEKO,8500
1992/12/4,メジャータイトル,アイレム,8800
1992/12/4,芹沢信雄のバーディトライ,東宝,9600
1992/12/4,スーパーブラックバス,ホット・ビィ,9800
1992/12/4,ミステリーサークル,ケイアミューズメントリース,8300
1992/12/6,ファイナルファンタジーV,スクウェア,9800
1992/12/11,バトルサッカー フィールドの覇者,バンプレスト,9500
1992/12/11,弁慶外伝 沙の章,サンソフト,9600
1992/12/11,飛龍の拳S ハイパーバージョン,カルチャーブレーン,9700
1992/12/11,白熱プロ野球ガンバリーグ'93,エピックソニーレコード,9500
1992/12/11,大相撲魂,タカラ,9000
1992/12/11,パチ夫くんスペシャル,ココナッツジャパンエンターテイメント,9800
1992/12/11,サイコドリーム,日本テレネット,8900
1992/12/14,機動装甲ダイオン,ビック東海,8500
1992/12/18,スーパー大相撲 熱戦大一番,ナムコ,8800
1992/12/18,タイニー・トゥーン アドベンチャーズ,コナミ,8000
1992/12/18,SDガンダム外伝2 円卓の騎士‎,ユタカ,9500
1992/12/18,戦え原始人2 ルーキーの冒険,データイースト,8000
1992/12/18,スーパーテトリス2+ボンブリス,BPS,8500
1992/12/18,アメージングテニス,パックインビデオ,8800
1992/12/18,スーパーニチブツマージャン,日本物産,8800
1992/12/18,ステルス,ヘクト,9700
1992/12/18,重装機兵ヴァルケン,日本コンピュータシステム,8800
1992/12/18,中嶋悟監修 SUPER F1 HERO,バリエ,8900
1992/12/18,スーパー・スター・ウォーズ,ビクターエンタテインメント,8800
1992/12/18,フライングヒーロー ぶぎゅる〜の大冒険,ソフエル,8800
1992/12/18,ナグザットスーパーピンボール 邪鬼破壊,ナグザット,8500
1992/12/19,半熟英雄 ああ、世界よ半熟なれ…!!,スクウェア,9500
1992/12/21,46億年物語 はるかなるエデンへ,ゲームプラン21,9600
1992/12/22,ラッシング・ビート乱 複製都市,ジャレコ,9600
1992/12/22,LOONEY TUNES ロードランナーVSワイリーコヨーテ,サンソフト,8600
1992/12/22,少年アシベ ゴマちゃんのゆうえんち大冒険,タカラ,7800
1992/12/22,奇々怪界-謎の黒マント-,ナツメ,8500
1992/12/23,コンバットライブス,テクノスジャパン,9300
1992/12/25,大爆笑!!人生劇場,タイトー,8500
1992/12/25,テクモスーパーNBAバスケットボール,テクモ,8900
1992/12/25,スーパーファイヤープロレスリング2,ヒューマン,8500
1992/12/25,スーパーキックオフ,ミサワエンターテインメント,7700
1992/12/25,麻雀飛翔伝 哭きの竜,アイジーエス,9800
1992/12/25,らんま1/2 爆烈乱闘篇,日本コンピュータシステム,9600
1992/12/25,スーパーバレーII,ビデオシステム,8900
1992/12/28,ザ・キング・オブ・ラリー パリ−モスクワ−北京,メルダック,8800
1992/12/28,史上最強のクイズ王決定戦 SUPER,ヨネザワ,8900
1993/1/3,エルファリア,ハドソン,9500
1993/1/8,エイリアンVSプレデター,アイジーエス,9800
1993/1/14,ブライ 八玉の勇士伝説,アイジーエス,9800
1993/1/16,ヨーロッパ戦線,光栄,12800
1993/1/22,マイト・アンド・マジックBOOK2,ロジーク,8800
1993/1/22,負けるな!魔剣道,データム・ポリスター,8800
1993/1/22,ポピュラス2,イマジニア,9800
1993/1/22,ドラゴンズ・アース,ヒューマン,8500
1993/1/25,うしおととら,ユタカ,8800
1993/1/29,ナムコットオープン,ナムコ,8800
1993/1/29,Q*bert3,バップ,7000
1993/1/29,クリスティーワールド,アクレイムジャパン,8000
1993/1/29,スーパービックリマン,ベック,7800
1993/1/29,スーパー倉庫番,パックインビデオ,7800
1993/1/29,信長公記,やのまん,12500
1993/1/29,ワールドクラスラグビー,ミサワエンターテインメント,7900
1993/2/5,ゲゲゲの鬼太郎 復活! 天魔大王,バンダイ,8800
1993/2/12,プロフットボール'93,エレクトロニックアーツビクター,8900
1993/2/19,ドラえもん のび太と妖精の国,エポック社,8000
1993/2/19,ウォーリーをさがせ!絵本の国の大冒険,トミー,9500
1993/2/19,鋼鉄の騎士,アスミック,9800
1993/2/19,雀闘士 銅鑼王,POW,8900
1993/2/21,スターフォックス,任天堂,9800
1993/2/26,コズモギャング ザ パズル,ナムコ,7900
1993/2/26,バットマンリターンズ,コナミ,8800
1993/2/26,リーディングカンパニー,光栄,12800
1993/2/26,シムアント,イマジニア,12800
1993/2/26,織田信長 覇王の軍団,エンジェル,9500
1993/2/26,Xak,サンソフト,9600
1993/2/26,バトルテック,ビクターエンタテインメント,9800
1993/2/26,NBAプロバスケットボール ブルズVSブレイザーズ,エレクトロニックアーツビクター,8900
1993/2/26,バートの不思議な夢の大冒険,アクレイムジャパン,8800
1993/2/26,F-1 GRAND PRIX PARTII,ビデオシステム,9800
1993/3/5,アルバートオデッセイ,サンソフト,9600
1993/3/5,メタルマックス2,データイースト,9500
1993/3/5,イーハトーヴォ物語,ヘクト,9700
1993/3/5,エキゾースト・ヒート F1ドライバーへの軌跡,セタ,9800
1993/3/5,モノポリー,トミー,9700
1993/3/5,デビルズコース,T&Eソフト,9800
1993/3/5,ジョジョの奇妙な冒険,コブラチーム,9500
1993/3/5,スーパーキックボクシング,エレクトロブレインジャパン,8800
1993/3/12,スーパーファミスタ2,ナムコ,7900
1993/3/12,伝説のオウガバトル,クエスト,9600
1993/3/12,エドノキバ,マイクロワールド,8900
1993/3/12,カリフォルニアゲームズII,ヘクト,8800
1993/3/12,2020年スーパーベースボール,ケイアミューズメントリース,8900
1993/3/19,USAアイスホッケー,ジャレコ,9000
1993/3/19,ジャングルウォーズ2,ポニーキャニオン,9500
1993/3/19,バイオメタル,アテナ,8980
1993/3/19,どらぼっちゃん超魔界大戦!,ナグザット,8800
1993/3/19,ナイジェル・マンセル F1チャレンジ,インフォコム,8800
1993/3/20,ドラゴンボールZ 超武闘伝,バンダイ,9800
1993/3/25,スーパーワギャンランド2,ナムコ,8300
1993/3/25,スーパー蒼き狼と白き牝鹿 元朝秘史,光栄,11800
1993/3/26,ウルトラセブン,バンダイ,8800
1993/3/26,ザ・グレイトバトルIII,バンプレスト,8700
1993/3/26,Pop'nツインビー,コナミ,8900
1993/3/26,つっぱり大相撲 立身出世編,テクモ,9000
1993/3/26,デッドダンス,ジャレコ,9700
1993/3/26,ブルースブラザース,コトブキシステム,7800
1993/3/26,パワーモンガー 魔将の謀略,イマジニア,12800
1993/3/26,デザートストライク 湾岸作戦,エレクトロニックアーツビクター,8900
1993/3/26,インターナショナル・テニスツアー,マイクロワールド,8900
1993/3/26,ノイギーア,ウルフ・チーム,9800
1993/3/26,ザ・心理ゲーム〜悪魔のココロジー〜,ヴィジット,9800
1993/4/2,エアーマネジメントII 航空王をめざせ,光栄,12800
1993/4/3,ブレス オブ ファイア 竜の戦士,カプコン,9800
1993/4/3,キャプテン翼IV プロのライバルたち,テクモ,9700
1993/4/7,太閤立志伝,光栄,11800
1993/4/9,アクションパチ夫,ココナッツジャパンエンターテイメント,9500
1993/4/16,The麻雀・闘牌伝,ビデオシステム,8900
1993/4/16,デュアルオーブ 聖霊珠伝説,アイマックス,9700
1993/4/23,怒りの要塞,ジャレコ,8700
1993/4/23,龍騎兵団ダンザルブ,ユタカ,9500
1993/4/23,エルナード,ゲームプラン21,9600
1993/4/23,スーパーバトルタンク,パックインビデオ,7800
1993/4/28,スーパーボンバーマン,ハドソン,7800
1993/4/28,スーパーダンクスター,サミー,7900
1993/5/14,バーコードバトラー戦記〜スーパー戦士出撃せよ!〜,エポック社,7680
1993/5/14,対局囲碁ゴライアス,BPS,14800
1993/5/21,NBAオールスターチャレンジ,アクレイムジャパン,8800
1993/5/22,ファイナルファイト2,カプコン,9000
1993/5/28,セプテントリオン,ヒューマン,8500
1993/5/28,パチンコ物語 パチスロもあるでよ,KSS,9800
1993/6/4,ドラゴンスレイヤー英雄伝説II,エポック社,9800
1993/6/11,スーパーフォーメーションサッカーII,ヒューマン,8500
1993/6/11,コスモポリスギャリバンII,日本物産,8800
1993/6/11,プロ麻雀 極,アテナ,9600
1993/6/18,神聖紀オデッセリア,ビック東海,9500
1993/6/18,早指し二段 森田将棋,セタ,14800
1993/6/21,スーパースコープ+スーパースコープ6,任天堂,9500
1993/6/21,スーパースコープ スペースバズーカ,任天堂,6500
1993/6/25,マジンガーZ,バンダイ,8800
1993/6/25,スーパーファミリーテニス,ナムコ,7900
1993/6/25,ドラゴンズマジック,コナミ,8800
1993/6/25,エストポリス伝記,タイトー,8900
1993/6/25,GP-1,アトラス,8800
1993/6/25,シルヴァ・サーガII,セタ,9800
1993/6/25,トムとジェリー,アルトロン,8900
1993/6/25,三国志正史 天舞スピリッツ,ウルフ・チーム,12800
1993/6/25,激突弾丸自動車決戦 バトルモービル,システムサコム,8800
1993/7/2,ファーストサムライ,コトブキシステム,7800
1993/7/9,仮面ライダーSD,ユタカ,8800
1993/7/9,ヨッシーのクッキー,BPS,6600
1993/7/9,エイリアン3,アクレイムジャパン,8800
1993/7/9,スーパーハイインパクト,アクレイムジャパン,8800
1993/7/11,ストリートファイターIIターボ,カプコン,9980
1993/7/14,スーパーマリオコレクション,任天堂,9800
1993/7/14,スーパースコープ ヨッシーのロードハンティング,任天堂,6500
1993/7/16,スーパーエアダイバー,アスミック,8900
1993/7/16,サンリオワールドスマッシュボール!,キャラクターソフト,6980
1993/7/16,全日本プロレス,日本コンピュータシステム,9900
1993/7/16,デスブレイド,アイマックス,9700
1993/7/16,マジックジョンソンのスーパースラムダンク,ヴァージンゲーム,8900
1993/7/16,魍魎戦記MADARA2,コナミ,9800
1993/7/16,ワールドサッカー,ココナッツジャパンエンターテイメント,9500
1993/7/23,第3次スーパーロボット大戦,バンプレスト,9800
1993/7/23,バトルドッジボールII,バンプレスト,9600
1993/7/23,ウイングコマンダー,アスキー,9800
1993/7/23,メガロマニア 時空大戦略,イマジニア,12800
1993/7/23,スーパー・ジェームスポンドII,ビクターエンタテインメント,8800
1993/7/23,スーパーバック・トゥ・ザ・フューチャー2,東芝EMI,9000
1993/7/23,WWFロイヤルランブル,アクレイムジャパン,9800
1993/7/23,バズー!魔法世界,ホット・ビィ,9800
1993/7/29,スーパーF1サーカス2,日本物産,9500
1993/7/30,クレヨンしんちゃん 嵐を呼ぶ園児,バンダイ,9500
1993/7/30,大爆笑!!人生劇場 ドキドキ青春編,タイトー,8800
1993/7/30,美少女雀士スーチーパイ,ジャレコ,9700
1993/7/30,ニトロパンクス マイトヘッズ,アイレム,8800
1993/7/30,ソニックウィングス,ビデオシステム,8900
1993/7/30,パティームーン,バリエ,8900
1993/7/30,宇宙の騎士テッカマンブレード,ベック,8800
1993/8/5,スーパー信長の野望・全国版,光栄,8800
1993/8/6,Jリーグサッカー プライムゴール,ナムコ,8500
1993/8/6,スーパーパワーリーグ,ハドソン,9500
1993/8/6,聖剣伝説2,スクウェア,9800
1993/8/6,大仁田厚 FMW,ポニーキャニオン,9800
1993/8/6,ヒューマンベースボール,ヒューマン,8600
1993/8/6,くにおくんのドッジボールだよ全員集合!,テクノスジャパン,9600
1993/8/6,ソードワールド SFC,T&Eソフト,9800
1993/8/10,スーパー競馬,アイマックス,9700
1993/8/12,ワールドヒーローズ,サンソフト,9800
1993/8/20,スーパースラップショット,アルトロン,8500
1993/8/27,マリオとワリオ,任天堂,6800
1993/8/27,樹帝戦紀,エニックス,9600
1993/8/27,スーパースコープ X ZONE,ケムコ,6500
1993/8/27,スーパースコープ デストラクティブ,バンダイ,6800
1993/8/27,美少女戦士セーラームーン,エンジェル,9800
1993/8/27,サラブレッドブリーダー,ヘクト,9700
1993/8/27,MVPベースボール,アクレイムジャパン,8800
1993/9/3,スーパータリカン,トンキンハウス,7500
1993/9/10,ファイナルファンタジーUSA ミスティッククエスト,スクウェア,7900
1993/9/10,ウイニングポスト,光栄,12800
1993/9/10,ラスベガスドリーム,イマジニア,9800
1993/9/10,サンダーバード 国際救助隊出動せよ！,コブラチーム,8800
1993/9/14,新日本プロレスリング 超戦士 IN 闘強導夢,バリエ,9800
1993/9/17,課長 島耕作 スーパービジネスアドベンチャー,ユタカ,9800
1993/9/17,NFLフットボール,コナミ,9000
1993/9/17,ファイナルセット,フォーラム,8500
1993/9/19,トルネコの大冒険 不思議のダンジョン,チュンソフト,9600
1993/9/19,戦国伝承,データイースト,8800
1993/9/22,マスターズ〜遙かなるオーガスタ2〜,T&Eソフト,9900
1993/9/23,SD機動戦士ガンダム2,エンジェル,7800
1993/9/23,GS美神 除霊師はナイスバディ,バナレックス,8800
1993/9/24,ダライアスフォース,タイトー,8800
1993/9/24,GO! GO! ドッジリーグ,パックインビデオ,7800
1993/9/24,本格麻雀 徹萬,ナグザット,7800
1993/9/30,東尾修監修 スーパープロ野球スタジアム,徳間書店インターメディア,8900
1993/10/1,スーパー3Dベースボール,ジャレコ,12800
1993/10/1,レッド・オクトーバー,アルトロン,8800
1993/10/1,TRINEA-トリネア-,やのまん,9800
1993/10/8,スーパー競走馬 風のシルフィード,キングレコード,9300
1993/10/8,バイキングの大迷惑,T&Eソフト,8800
1993/10/15,スズカエイトアワーズ,ナムコ,8800
1993/10/21,スーパーカジノ シーザースパレス,ココナッツジャパンエンターテイメント,8900
1993/10/22,アークススピリッツ,サミー,8900
1993/10/22,ミラクル☆ガールズ,タカラ,8800
1993/10/22,らんま1/2 朱猫団的秘宝,東宝/小学館プロダクション,9800
1993/10/29,アクトレイザー2 沈黙の聖戦,エニックス,9300
1993/10/29,将棋 風林火山,ポニーキャニオン,8800
1993/10/29,超時空要塞マクロス スクランブルバルキリー,バンプレスト/ザムス,8800
1993/10/29,スーパーチャイニーズワールド2,カルチャーブレーン,9800
1993/10/29,装甲騎兵ボトムズ ザ・バトリングロード,タカラ,9800
1993/10/29,はた山ハッチのパロ野球ニュース!実名版,エポック社,9800
1993/10/29,ユートピア,エピックソニーレコード,9500
1993/10/29,クラシック・ロード,ビクターエンタテインメント,9800
1993/10/29,スーパーニチブツマージャン2 全国制覇篇,日本物産,9800
1993/10/29,龍虎の拳,ケイアミューズメントリース,9800
1993/10/29,ジミーコナーズのプロテニスツアー,ミサワエンターテインメント,8900
1993/11/5,アクタリオン,テクモ,8900
1993/11/5,ファイナルノックアウト,パックインビデオ,8800
1993/11/12,仮面ライダー,バンダイ,9800
1993/11/12,若貴大相撲〜夢の兄弟対決〜,イマジニア,9800
1993/11/12,スーパーUNO,トミー,8500
1993/11/12,ソルスティスII,エピックソニーレコード,9500
1993/11/12,ファイナル・ストレッチ,ロジーク,9800
1993/11/19,イースIV MASK OF THE SUN,トンキンハウス,9800
1993/11/19,バトルマスター 究極の戦士たち,東芝EMI,9800
1993/11/19,パチスロ ラブストーリー,ココナッツジャパンエンターテイメント,9800
1993/11/19,遊人 雀獣学園,バリエ,8900
1993/11/23,リディック・ボウ ボクシング,マイクロネット,8400
1993/11/26,スーパーH.Q.クリミナルチェイサー,タイトー,8900
1993/11/26,アラジン,カプコン,9000
1993/11/26,アルディライトフット,アスキー,9800
1993/11/26,武田修宏のスーパーカップサッカー,ジャレコ,9500
1993/11/26,ABCマンデーナイトフットボール,データイースト,9000
1993/11/26,テクモスーパーボウル,テクモ,9800
1993/11/26,餓狼伝説2,タカラ,9980
1993/11/26,アクセルブリッド,トミー,9800
1993/11/26,実戦パチスロ必勝法,サミー,9500
1993/11/26,ダイナミックスタジアム,サミー,8500
1993/11/26,ヤダモン ワンダランドドリーム,徳間書店,8800
1993/11/26,アレサ,やのまん,9900
1993/11/26,F-15スーパーストライクイーグル,アスミック,9600
1993/11/26,鬼塚勝也スーパーバーチャルボクシング,ソフエル,9800
1993/11/27,ガイア幻想紀,エニックス,9800
1993/11/30,Soul&Sword,バンプレスト/ザムス,9800
1993/12/2,スーパー麻雀2 本格4人打ち,アイマックス,8800
1993/12/3,T.M.N.T.ミュータントウォーリアーズ,コナミ,9800
1993/12/3,スーパー究極ハリキリスタジアム,タイトー,9500
1993/12/3,NBAプロバスケットボール'94 ブルズVSサンズ,エレクトロニックアーツビクター,9800
1993/12/3,喜国雅彦の雀闘士銅鑼王2,POW,8900
1993/12/9,信長の野望・覇王伝,光栄,12800
1993/12/10,す〜ぱ〜ぷよぷよ,バンプレスト,8200
1993/12/10,ロマンシング サ・ガ2,スクウェア,9900
1993/12/10,R-TYPE III,アイレム,9800
1993/12/10,白熱プロ野球'94ガンバリーグ3,エピックソニーレコード,8900
1993/12/10,クールスポット,ヴァージンゲーム,8900
1993/12/10,決戦!ドカポン王国IV〜伝説の勇者たち〜,アスミック,8900
1993/12/10,競馬エイトSpecial〜マル秘馬券購入術〜,ミサワエンターテインメント,9000
1993/12/10,プロック,アクティビジョンジャパン,8900
1993/12/17,ドラゴンボールZ 超武闘伝2,バンダイ,9800
1993/12/17,アルカエスト,スクウェア,8800
1993/12/17,ラッシング・ビート修羅,ジャレコ,9700
1993/12/17,ロックマンX,カプコン,9500
1993/12/17,ワンダラス マジック,アスキー,9800
1993/12/17,ドラえもん2 のび太のトイズランド大冒険,エポック社,8000
1993/12/17,ドラッキーの草やきう,イマジニアズーム,9800
1993/12/17,スーパー・スター・ウォーズ 帝国の逆襲,ビクターエンタテインメント,9800
1993/12/17,ホーリーストライカー,ヘクト,8800
1993/12/17,夢幻の如く,インテック,9800
1993/12/17,ダウンタウン熱血べーすぼーる物語,テクノスジャパン,9800
1993/12/17,パチンコウォーズ2,ココナッツジャパンエンターテイメント,9800
1993/12/18,ドラゴンクエストI・II,エニックス,8800
1993/12/22,幽☆遊☆白書,ナムコ,9600
1993/12/22,がんばれゴエモン2 奇天烈将軍マッギネス,コナミ,9800
1993/12/22,がんばれ大工の源さん,アイレム,8900
1993/12/22,フラッシュバック,サンソフト,9600
1993/12/22,へべれけのぽぷーん,サンソフト,8200
1993/12/22,トップレーサー2,コトブキシステム,8500
1993/12/22,超ゴジラ,東宝,9800
1993/12/22,スペース・ファンキーB.O.B,エレクトロニックアーツビクター,8900
1993/12/22,キング・オブ・ザ・モンスターズ2,タカラ,9800
1993/12/22,BING BING! BINGO,KSS,8900
1993/12/22,エースをねらえ!,日本テレネット,9400
1993/12/24,新桃太郎伝説,ハドソン,9800
1993/12/24,ヒューマングランプリ,ヒューマン,9500
1993/12/24,NFL プロフットボール'94,エレクトロニック・アーツ・ビクター,9800
1993/12/24,北斗の拳7 聖拳列伝 伝承者への道,東映動画,9700
1993/12/24,テトリス武闘外伝,BPS,8000
1993/12/24,モータルコンバット,アクレイムジャパン,9800
1993/12/24,モンスターメーカー3 光の魔術士,ソフエル,9800
1993/12/24,リトルマジック,アルトロン,8900
1993/12/25,美神伝説Zoku,マジファクト,9800
1993/12/28,サッカーキッド,やのまん,8800
1993/12/28,スーパーファイヤープロレスリング3 ファイナルバウト,ヒューマン,9700
1993/12/28,全日本プロレスダッシュ,日本コンピュータシステム,9800
1993/12/29,美少女戦士セーラームーンR,バンダイ,9800
1993/12/29,横山光輝 三国志2,エンジェル,9800
1994/1/3,ロックンロールレーシング,ナムコ,7800
1994/1/7,ツインビー〜レインボーベルアドベンチャー〜,コナミ,9000
1994/1/7,バトルトード イン バトルマニアック,日本コンピュータシステム,9800
1994/1/7,ワールドクラスラグビー2,ミサワエンターテインメント,9300
1994/1/8,スーパーピンボール〜Behind The Mask〜,メルダック,9800
1994/1/14,必勝777ファイター,バップ,9500
1994/1/21,スーパーテトリス2+ボンブリス 限定版,BPS,8500
1994/1/21,ファイアーエムブレム 紋章の謎,任天堂,9800
1994/1/28,ガイアセイバー ヒーロー最大の作戦,バンプレスト,9800
1994/1/28,鋼鉄の騎士2 砂漠のロンメル軍団,アスミック,12800
1994/1/28,ザ・グレイトバトル外伝2 祭りだワッショイ,バンプレスト,9500
1994/1/28,ザ・忍者ウォーリアーズ〜アゲイン〜,タイトー,9300
1994/1/28,BASTARD!! -暗黒の破壊神-,コブラチーム,9800
1994/1/28,ブレインロード,エニックス,9600
1994/1/28,魔神転生,アトラス,9800
1994/2/4,伊藤果六段の将棋道場,アスク,9600
1994/2/4,オリビアのミステリー,アルトロン,9800
1994/2/4,スーパーファイヤープロレスリング3〜イージータイプ〜,ヒューマン,9700
1994/2/10,ウルフェンシュタイン3D,イマジニア,9800
1994/2/11,スーパーヅガン-ハコテン城からの招待状-,エレクトロニックアーツビクター,8800
1994/2/11,ソード・マニアック,東芝EMI,8800
1994/2/11,トップマネジメントII,光栄,14800
1994/2/11,バーチャルウォーズ,ココナッツジャパンエンターテイメント,11000
1994/2/11,緋王伝〜魔物たちとの誓い〜,ウルフチーム,11800
1994/2/18,迦楼羅王,エピックソニーレコード,8900
1994/2/18,ダービースタリオンII,アスキー,12800
1994/2/18,戦え原始人3 主役はやっぱりJOE&MAC,データイースト,8500
1994/2/18,デザートファイター,セタ,9800
1994/2/18,鉄腕アトム,バンプレスト/ザムス,9000
1994/2/25,宇宙レース アストロゴー!ゴー!,メルダック,9800
1994/2/25,サイボーグ009,ベック,8800
1994/2/25,ストバスヤロウ将,ビーアイ,9000
1994/2/25,総合格闘技〜アストラルバウト2〜,キングレコード,9700
1994/2/25,大航海時代II,光栄,11800
1994/2/25,T-2 ザ・アーケードゲーム,アクレイムジャパン,8900
1994/2/25,パチスロランド,カロッツェリアジャパン,9800
1994/2/25,ラモス瑠偉のワールドワイドサッカー,パックインビデオ,9500
1994/2/26,いただきストリート2 〜ネオンサインはバラ色に〜,エニックス,9800
1994/2/28,スーパー本命 GI制覇,日本物産,9800
1994/3/4,スーパーファミスタ3,ナムコ,8800
1994/3/4,ザ・キングオブドラゴンズ,カプコン,9800
1994/3/4,カブキロックス,アトラス,9800
1994/3/4,スーパーループス,イマジニア,8900
1994/3/4,ジーコサッカー,エレクトロニックアーツビクター,9800
1994/3/11,機動戦士Vガンダム,バンダイ,9800
1994/3/11,実況パワフルプロ野球'94,コナミ,9000
1994/3/11,リーサルエンフォーサーズ,コナミ,9800
1994/3/11,ギャラクシーロボ,イマジニア,9800
1994/3/11,すごいへべれけ,サンソフト,8900
1994/3/11,ファーストクイーン,カルチャーブレーン,9800
1994/3/11,斬IIIスピリッツ,日本テレネット/ウルフ・チーム,12800
1994/3/18,Jリーグスーパーサッカー,ハドソン,9500
1994/3/18,SONIC BLASTMANII,タイトー,8500
1994/3/18,アイ・オブ・ザ・ビホルダー,カプコン,12800
1994/3/18,あさめしまえにゃんこ,バンプレスト/ザムス,8800
1994/3/18,独立戦争,光栄,11800
1994/3/18,真・女神転生II,アトラス,9990
1994/3/18,きんぎょ注意報!とびだせ!ゲーム学園,ジャレコ,9800
1994/3/18,サイド・ポケット,データイースト,8500
1994/3/18,ダービージョッキー,アスミック,9800
1994/3/18,ぎゅわんぶらあ自己中心派2,パックインビデオ,8900
1994/3/18,スーパー人生ゲーム,タカラ,9800
1994/3/18,スーパーナグザットオープン,ナグザット,9500
1994/3/18,イデアの日,ショウエイシステム,9700
1994/3/19,スーパーメトロイド,任天堂,9800
1994/3/25,ザ・ブルークリスタルロッド,ナムコ,9800
1994/3/25,スペースインベーダー,タイトー,4980
1994/3/25,南国少年パプワくん,エニックス,8800
1994/3/25,ロックマンズサッカー,カプコン,9000
1994/3/25,剣勇伝説YAIBA,バンプレスト,9800
1994/3/25,スーパーロボット大戦EX,バンプレスト,9800
1994/3/25,メルファンドストーリーズ,アスキー,9800
1994/3/25,シャドウラン,データイースト,9800
1994/3/25,スーパートロールアイランド,コトブキシステム,8900
1994/3/25,スペースエース,イマジニア,9800
1994/3/25,スーパーリアル麻雀PIV,セタ,9800
1994/3/25,チャンピオンズワールドクラスサッカー,アクレイムジャパン,8900
1994/3/25,あらいぐまラスカル,日本コンピュータシステム,8900
1994/3/25,けろけろけろっぴの冒険日記,キャラクターソフト,6980
1994/3/25,スーパー五目並べ 連珠,ナグザット,8800
1994/3/25,スーパーホッケー'94,ヨネザワ,8900
1994/3/26,テレビアニメ SLAM DUNK,バンダイ,9800
1994/3/30,真・麻雀,コナミ,9000
1994/3/30,マッスルボマー,カプコン,9000
1994/3/31,アンドレ・アガシ テニス,日本物産,8800
1994/4/1,スーパーダブル役満,バップ,9000
1994/4/1,スーパー インディ チャンプ,フォーラム,9200
1994/4/2,ファイナルファンタジーVI,スクウェア,11400
1994/4/6,項劉記,光栄,12800
1994/4/8,NHL プロホッケー'94,エレクトロニックアーツビクター,9800
1994/4/8,紫炎 ザ・ブレイドチェイサー,ダイナミック企画,9600
1994/4/8,スーパー囲碁 碁王,ナグザット,14800
1994/4/15,ろくでなしBLUES,バンダイ,9800
1994/4/15,ピンクパンサー,アルトロン,9500
1994/4/15,夢迷宮 きぐるみ大冒険,ヘクト,9800
1994/4/22,F-1 GRAND PRIX PARTIII,ビデオシステム,9900
1994/4/22,機動警察パトレイバー,ベック,9800
1994/4/22,夢迷宮アドベンチャー コットン100%,データム・ポリスター,9300
1994/4/28,スーパーボンバーマン2,ハドソン,8500
1994/4/28,フォーチュン・クエスト〜ダイスをころがせ!〜,バンプレスト/ザムス,9800
1994/4/28,平成イヌ物語バウ ポップンスマッシュ!!,タカラ,7800
1994/4/28,らんま1/2 超技乱舞篇,東宝/小学館プロダクション,9980
1994/4/28,スーパーパチスロマージャン,日本物産,9500
1994/4/28,笑っていいとも!タモリンピック,アテナ,9500
1994/4/28,ダイナマイト・ザ・ラスベガス,ヴァージンゲーム,8900
1994/4/29,新・熱血硬派くにおたちの挽歌,テクノスジャパン,9800
1994/4/29,NBA JAM,アクレイムジャパン,9800
1994/4/29,ナイス DE ショット,アスク,9800
1994/4/29,ダークキングダム,日本テレネット,9800
1994/5/1,Jリーグエキサイトステージ'94,エポック社,9800
1994/5/13,伊達公子のバーチャルテニス,ビーアイ,9000
1994/5/20,パチ夫くんSPECIAL2,ココナッツジャパンエンターテイメント,9980
1994/5/27,SDガンダムGX,バンダイ,9800
1994/5/27,クレヨンしんちゃん2 大魔王の逆襲,バンダイ,9500
1994/5/27,ファイターズヒストリー,データイースト,9800
1994/5/27,くにおのおでん,テクノスジャパン,6900
1994/5/27,土屋圭市 首都高バトル'94,BPS,9800
1994/5/27,スーパーバトルタンク2,パックインビデオ,9800
1994/5/27,競馬予想 馬券錬金術,KSS,9500
1994/6/4,ワイルドトラックス,任天堂,9800
1994/6/8,サラブレッドブリーダーII,ヘクト,12800
1994/6/10,幽☆遊☆白書2 格闘の章,ナムコ,9600
1994/6/10,ナイツオブザラウンド,カプコン,9500
1994/6/10,ぽっぷるメイル,日本ファルコム,8800
1994/6/17,スーパーフォーメーションサッカー'94,ヒューマン,9800
1994/6/17,SD飛龍の拳,カルチャーブレーン,9800
1994/6/17,FIFA インターナショナル・サッカー,ビクターエンタテインメント,9980
1994/6/17,ウルティマ外伝,エレクトロニックアーツビクター,9800
1994/6/17,やまねこバブジーの大冒険,パックインビデオ,9800
1994/6/17,奇々怪界-月夜草子-,ナツメ,9500
1994/6/17,ワールドカップストライカー,ココナッツジャパンエンターテイメント,9980
1994/6/17,スーパー4WD THE BAJA,日本物産,8800
1994/6/17,スーパー将棋2,アイマックス,8800
1994/6/24,スレイヤーズ,バンプレスト,9800
1994/6/24,ジュラシック・パーク,ジャレコ,9800
1994/6/24,バックス・バニー はちゃめちゃ大冒険,サンソフト,9200
1994/6/24,スーパービリヤード,イマジニア,9800
1994/6/24,スーパードッグファイト,パックインビデオ,9800
1994/6/24,ジグザグキャット,DEN'Z,9500
1994/6/25,スーパーストリートファイターII,カプコン,10900
1994/6/25,ブランディッシュ,光栄,10800
1994/6/25,全日本プロレス ファイトだポン!,日本コンピュータシステム,9800
1994/6/28,テコンドー,ヒューマン,8900
1994/7/1,遊人のふりふりガールズ,POW,8900
1994/7/1,ワールドヒーローズ2,ザウルス,9980
1994/7/8,スラップスティック,エニックス,9600
1994/7/8,美女と野獣,ハドソン,8500
1994/7/8,テトリスフラッシュ,BPS,8000
1994/7/8,つり太郎,パックインビデオ,9800
1994/7/8,ドラッキーのAりーぐさっかー,イマジニアズーム,9800
1994/7/15,美少女戦士セーラームーンS こんどはパズルでおしおきよ!,バンダイ,6800
1994/7/15,歌舞伎町リーチ麻雀 東風戦,ポニーキャニオン,8800
1994/7/15,サンサーラ・ナーガ2,ビクターエンタテインメント,9800
1994/7/15,バトルZEQUE伝,アスミック,9800
1994/7/15,スーパーF1サーカス3,日本物産,9900
1994/7/15,ソード・ワールド SFC2,T&Eソフト,9800
1994/7/15,キーパー,データム・ポリスター,7200
1994/7/15,パチスロ研究,魔法,9500
1994/7/15,ジャングルブック,ヴァージンゲーム,9800
1994/7/22,超原人,ハドソン,8800
1994/7/22,グーフィーとマックス 海賊島の大冒険,カプコン,7800
1994/7/22,ファイプロ女子オールスタードリームスラム,ヒューマン,9500
1994/7/22,ジグソーパーティー,ホリ電機,8200
1994/7/22,ゼロヨンチャンプRR,メディアリング,9980
1994/7/22,プロ麻雀 極II,アテナ,9800
1994/7/28,スーパーウルトラベースボール2,カルチャーブレーン,9800
1994/7/29,ハットトリックヒーロー2,タイトー,8900
1994/7/29,餓狼伝説SPECIAL,タカラ,10900
1994/7/29,ワールドカップUSA'94,サンソフト,9800
1994/7/29,スーパーニチブツマージャン3 吉本劇場篇,日本物産,10800
1994/7/29,ロードランナーTwin ジャスティとリバティの大冒険,T&Eソフト,8800
1994/7/29,甲子園3,魔法,9800
1994/7/29,スーパーパチンコ,アイマックス,9800
1994/7/29,パチスロ物語ユニバーサル・スペシャル,KSS,9800
1994/7/29,天使の詩〜白き翼の祈り〜,日本テレネット,9980
1994/7/29,ズールのゆめぼうけん,インフォコム,8800
1994/8/3,スーパーパワーリーグ2,ハドソン,9800
1994/8/5,Jリーグサッカー プライムゴール2,ナムコ,8800
1994/8/5,鬼神降臨伝 ONI,バンプレスト,9800
1994/8/5,G2 ジェノサイド,コトブキシステム,9800
1994/8/5,魔法ぽいぽい ぽいっと!,タカラ,8800
1994/8/5,すーぱー忍者くん,ジャレコ,7900
1994/8/5,うごく絵Ver.2.0 アリョール,アルトロン,9800
1994/8/5,ピンボール ピンボール,ココナッツジャパンエンターテイメント,9980
1994/8/5,スーパー高校野球 一球入魂,アイマックス,9800
1994/8/5,スーパー花札,アイマックス,8800
1994/8/12,ザ・フリントストーンズ,タイトー,8500
1994/8/12,スーパー究極ハリキリスタジアム2,タイトー,9500
1994/8/12,スーパー三國志,光栄,9800
1994/8/12,レミングス2,サンソフト,9980
1994/8/12,スーパーファイナルマッチテニス,ヒューマン,8900
1994/8/12,ポパイ いじわる魔女シーハッグの巻,テクノスジャパン,9500
1994/8/12,ワイルドガンズ,ナツメ,9200
1994/8/12,新日本プロレスリング'94 バトルフィールド IN 闘強導夢,バリエ,11800
1994/8/19,必勝777ファイターII,バップ,9500
1994/8/19,麻雀悟空 天竺,シャノアール,9800
1994/8/26,ハロー!パックマン,ナムコ,8300
1994/8/26,押忍!!空手部,カルチャーブレーン,10800
1994/8/26,スーパードラッケン,コトブキシステム,9800
1994/8/26,サイバーナイトII 地球帝国の野望,トンキンハウス,9900
1994/8/26,アップルシード,ヴィジット,9800
1994/8/26,松村邦洋伝 最強の歴史をぬりかえろ!!,ショウエイシステム,9900
1994/8/26,大相撲出世シミュレーション 横綱物語,KSS,9800
1994/8/27,MOTHER2 ギーグの逆襲,任天堂,9800
1994/8/31,へべれけのおいしいパズルはいりませんか,サンソフト,8900
1994/8/31,サンリオ上海,キャラクターソフト,6980
1994/9/2,ライブ・ア・ライブ,スクウェア,9900
1994/9/9,ザ・ファイヤーメン,ヒューマン,9300
1994/9/9,チョップリフターIII,ビクターエンタテインメント,7800
1994/9/15,スパークスター,コナミ,9800
1994/9/15,上海III,サンソフト,8900
1994/9/16,おでかけレスターれれれのれ(^^;,アスミック,8900
1994/9/16,実戦パチスロ必勝法2,サミー,9980
1994/9/16,リーディングジョッキー,カロッツリアジャパン,9800
1994/9/18,ジャングルの王者ターちゃん〜世界漫遊大格闘の巻〜,バンダイ,8800
1994/9/20,描いて・作って・遊べる デザエモン,アテナ,12900
1994/9/21,カービィボウル,任天堂,7900
1994/9/22,リブルラブル,ナムコ,6300
1994/9/22,ウィザップ!,アスキー,9900
1994/9/22,スーパーフォーメーションサッカー'94〜ワールドカップファイナルデータ〜,ヒューマン,9800
1994/9/22,SAMURAI SPIRITS,タカラ,10900
1994/9/22,花札,イマジニア,9800
1994/9/22,ラリー・ニクソン・スーパー・バスフィッシング,キングレコード,9800
1994/9/22,中島悟監修 F-1 HERO'94,バリエ,9800
1994/9/23,ゴーストチェイサー電精,バンプレスト,9800
1994/9/23,アンジェリーク,光栄,9800
1994/9/23,TOKORO'Sマージャン,ビック東海,9500
1994/9/23,麻雀戦国物語,四次元,9300
1994/9/23,スーパーブラックバス2,スターフィッシュデータ,9800
1994/9/29,ドラゴンボールZ 超武闘伝3,バンダイ,9800
1994/9/30,天龍源一郎のプロレスレボリューション,ジャレコ,9800
1994/9/30,麻雀大会II,光栄,9800
1994/9/30,ヒューマングランプリ3〜F1トリプルバトル〜,ヒューマン,10500
1994/9/30,競馬エイトスペシャル2,イマジニア,9980
1994/9/30,クラッシュ・ダミー,アクレイムジャパン,8900
1994/9/30,バーチャルバート,アクレイムジャパン,9800
1994/9/30,バークレーのパワーダンク,DEN'Z,9200
1994/9/30,バイク大好き!走り屋魂,日本コンピュータシステム,9600
1994/9/30,ダウン・ザ・ワールド,アスキー,9800
1994/9/30,タイニー・トゥーンアドベンチャーズ〜ドタバタ大運動会〜,コナミ,9000
1994/10/7,ノスフェラトゥ,セタ,9800
1994/10/7,シヴィライゼーション 世界七大文明,アスミック,12800
1994/10/7,MR.NUTZ,ソフエル,8800
1994/10/14,豪血寺一族,アトラス,10500
1994/10/14,UFO仮面ヤキソバン,DEN'Z,5890
1994/10/15,パチンコファン〜勝利宣言〜,POW,9800
1994/10/16,下野正希のFishing To Bsssing,ナツメ,9800
1994/10/19,はらぺこバッカ,魔法,4980
1994/10/21,スーパーファミリーサーキット,ナムコ,8800
1994/10/21,デモンズブレイゾン 魔界村 紋章編,カプコン,9800
1994/10/21,キッドクラウンのクレイジーチェイス,コトブキシステム,8800
1994/10/21,船木誠勝 HYBRID WRESTLER 闘技伝承,テクノスジャパン,9800
1994/10/21,必殺パチンココレクション,サンソフト,9800
1994/10/21,ヘラクレスの栄光IV 神々からの贈り物,データイースト,9900
1994/10/21,スーパーラグビー,トンキンハウス,9000
1994/10/21,本格麻雀 徹萬II,ナグザット,8900
1994/10/28,本格派囲碁 碁聖,タイトー,14800
1994/10/28,少年忍者サスケ,サンソフト,9800
1994/10/28,真・女神転生if...,アトラス,9980
1994/10/28,テクモスーパーベースボール,テクモ,9800
1994/10/28,DEAR BOYS,ユタカ,9800
1994/10/28,ドラッキーのパズルツアー'94,イマジニアズーム,8200
1994/10/28,爆投ドッチャーズ,BPS,8500
1994/10/28,マルチプレイバレーボール,パックインビデオ,8900
1994/10/28,フェーダ エンブレム オブ ジャスティス,やのまん,9990
1994/10/28,化学者ハリーの波乱万丈,アルトロン,8900
1994/10/28,スーパーカジノ2,ココナッツジャパンエンターテイメント,9800
1994/10/28,イルバニアンの城,日本クラリービジネス,9980
1994/10/28,SANKYO Fever!フィーバー!,日本テレネット,9800
1994/10/28,卒業番外篇 ねぇ麻雀しよ!,KSS,9800
1994/11/11,ゴン,バンダイ,8800
1994/11/11,実況ワールドサッカー PERFECT ELEVEN,コナミ,9980
1994/11/11,ミッキーとミニー マジカルアドベンチャー2,カプコン,9500
1994/11/11,ファイヤー・ファイティング,ジャレコ,9890
1994/11/11,モータルコンバットII 究極神拳,アクレイムジャパン,11800
1994/11/18,ミリティア,ナムコ,8800
1994/11/18,パニックイン なかよしワールド,バンダイ,6800
1994/11/18,ツヨシしっかりしなさい 対戦ぱずるだま,コナミ,8500
1994/11/18,鋼 HAGANE,ハドソン,9500
1994/11/18,ウルティマVII ザ・ブラックゲート,ポニーキャニオン,9800
1994/11/18,ドリームバスケットボール,ヒューマン,9600
1994/11/18,GP-1 RS,アトラス,9800
1994/11/18,パチンコマル秘必勝法,バップ,9800
1994/11/18,スーパー五目将棋,日本物産,9500
1994/11/18,中野浩一監修 競輪王,ココナッツジャパンエンターテイメント,9980
1994/11/18,マグナブラバン〜遍歴の勇者,アスク,9800
1994/11/18,遊人 雀獣学園2,バリエ,9800
1994/11/18,花の慶次-雲のかなたに-,四次元,9800
1994/11/18,モンスターメーカーキッズ 王様になりたい,ソフエル,9200
1994/11/25,極上パロディウス,コナミ,9800
1994/11/25,大爆笑!!人生劇場 〜大江戸日記〜,タイトー,9000
1994/11/25,武田修宏のスーパーリーグサッカー,ジャレコ,9800
1994/11/25,バトルサッカー2,バンプレスト,8800
1994/11/25,ただいま勇者募集中 おかわり,ヒューマン,9900
1994/11/25,かまいたちの夜,チュンソフト,10800
1994/11/25,なるほど!ザ・ワールド,トミー,9500
1994/11/25,ノンタンといっしょ くるくるぱずる,ビクターエンタテインメント,7800
1994/11/25,元祖パチスロ日本一,ココナッツジャパンエンターテイメント,9980
1994/11/25,スーパー麻雀3 辛口,アイマックス,9800
1994/11/25,全国高校サッカー,四次元,9800
1994/11/26,スーパードンキーコング,任天堂,9800
1994/12/2,ブレス オブ ファイアII 使命の子,カプコン,9980
1994/12/2,〜制服伝説〜プリティファイター,イマジニア,9980
1994/12/2,ドカポン3・2・1〜嵐を呼ぶ友情〜,アスミック,9600
1994/12/2,アレサII 〜アリエルの不思議な旅,やのまん,9800
1994/12/2,ザ・ラストバトル,テイチク,9800
1994/12/2,ストリートレーサー,UBIソフト,9200
1994/12/9,スーパー桃太郎電鉄III,ハドソン,9500
1994/12/9,ワンダープロジェクトJ 機械の少年ピーノ,エニックス,11800
1994/12/9,三國志IV,光栄,14800
1994/12/9,キャプテン翼V 覇者の称号カンピオーネ,テクモ,9980
1994/12/9,バトルクロス,イマジニア,9800
1994/12/9,すごろクエスト++ -ダイスニクス-,テクノスジャパン,9900
1994/12/9,牌砦,タカラ,8800
1994/12/9,ヴォルテックス,パックインビデオ,9900
1994/12/9,ゴジラ 怪獣大決戦,東宝,9980
1994/12/9,ライオン・キング,ヴァージンゲーム,9980
1994/12/16,ワギャンパラダイス,ナムコ,8800
1994/12/16,がんばれゴエモン3 獅子重禄兵衛のからくり卍固め,コナミ,9800
1994/12/16,ロックマンX2,カプコン,9800
1994/12/16,ドラえもん3 のび太と時の宝玉,エポック社,9500
1994/12/16,美少女戦士セーラームーンS〜場外乱闘!? 主役争奪戦〜,エンジェル,9980
1994/12/16,海釣り名人〜スズキ編〜,エレクトロニックアーツビクター,9800
1994/12/16,NBA LIVE'95,エレクトロニックアーツビクター,9800
1994/12/16,ミッキーの東京ディズニーランド大冒険,トミー,9800
1994/12/16,祇園花,日本物産,7980
1994/12/16,スーパーレッスルエンジェルス,イマジニア,9980
1994/12/16,スーパーテトリス3,BPS,8500
1994/12/16,スキーパラダイスWITHスノーボード,パックインビデオ,8900
1994/12/16,ナイジェルマンセル・インディカー,アクレイムジャパン,10900
1994/12/16,蒼き伝説シュート!,KSS,10800
1994/12/16,花札王,ココナッツジャパンエンターテイメント,8980
1994/12/16,FULL POWER,ココナッツジャパンエンターテイメント,11000
1994/12/16,スーパーフィッシング ビッグファイト,ナグザット,9800
1994/12/16,どっすん!岩石バトル,アイマックス,8800
1994/12/16,ビッグ一撃!パチスロ大攻略,アスク,9800
1994/12/16,スーパースネーキー,四次元,7800
1994/12/16,スーパー詰将棋1000,ボトムアップ,9800
1994/12/16,必勝!パチスロファン,POW,9800
1994/12/17,ザ・グレイトバトルIV,バンプレスト,9600
1994/12/20,テクモスーパーボウルII SPECIAL EDITION,テクモ,9980
1994/12/21,岡本綾子とマッチプレイゴルフ,ツクダオリジナル,9700
1994/12/21,龍虎の拳2,ザウルス,10900
1994/12/22,覇王大系リューナイト,バンダイ,9800
1994/12/22,幽☆遊☆白書 特別篇,ナムコ,9800
1994/12/22,大貝獣物語,ハドソン,10900
1994/12/22,アルバートオデッセイII 邪神の胎動,サンソフト,9600
1994/12/22,はしれへべれけ,サンソフト,9500
1994/12/22,スーパーファイヤープロレスリングスペシャル,ヒューマン,11500
1994/12/22,ウルトラベースボール実名版2,カルチャーブレーン,9800
1994/12/22,横山光輝 三国志盤戯『スゴロク英雄記』,エンジェル,9800
1994/12/22,ポコニャン! へんぽこりんアドベンチャー,東宝,8800
1994/12/22,アニマル武乱伝 〜ブルータル〜,コトブキシステム,9800
1994/12/22,ライズ オブ ザ ロボッツ,T&Eソフト,10900
1994/12/22,スーパー・キャッスルズ,ビクターエンタテインメント,9800
1994/12/22,サンスポフィッシング 渓流王,イマジニア,9980
1994/12/22,麻雀倶楽部,ヘクト,4980
1994/12/22,元祖パチンコ王,ココナッツジャパンエンターテイメント,9980
1994/12/22,パワー オブ ザ ハイアード,日本コンピュータシステム,9800
1994/12/22,バトルジョッキー,ヴァージンゲーム,9800
1994/12/22,本格将棋 風雲児龍王,ヴァージンゲーム,9800
1994/12/23,GO GO アックマン,バンプレスト,9000
1994/12/23,JWP女子プロレス ピュア・レッスル・クイーンズ,ジャレコ,9800
1994/12/23,スーパー燃えろ!!プロ野球,ジャレコ,9800
1994/12/23,パチスロ勝負師,日本物産,8980
1994/12/23,海腹川背,TNN,9800
1994/12/27,機動武闘伝Gガンダム,バンダイ,9800
1994/12/27,ルパン三世 伝説の秘宝を追え!,エポック社,9800
1994/12/29,デュアルオーブII,アイマックス,10800
1994/12/30,スーパーヅガン2 ツカンボファイター,J・WING,9980
1995/1/3,パックインタイム,ナムコ,7900
1995/1/3,高橋名人の大冒険島II,ハドソン,9500
1995/1/3,X-MEN Mutant Apocalypse,カプコン,9980
1995/1/3,ボンカーズ ハリウッド大作戦!,カプコン,8500
1995/1/3,スーパーチャイニーズファイター,カルチャーブレーン,9800
1995/1/3,実戦!麻雀指南,アスク,9800
1995/1/3,YOGI BEAR,マジファクト,8800
1995/1/13,パズルボブル,タイトー,6800
1995/1/13,わくわくスキー わんだあシュプ−ル,ヒューマン,9600
1995/1/13,ギャラクシーウォーズ,イマジニア,5980
1995/1/13,雀遊記 悟空乱打,ヴァージンゲーム,8900
1995/1/20,ダービースタリオンIII,アスキー,12800
1995/1/20,STARDUST SUPREX,バリエ,9980
1995/1/20,マイケル・アンドレッティ インディカーチャレンジ,BPS,9800
1995/1/27,鋼鉄の騎士3,アスミック,12800
1995/1/27,キテレツ大百科 超時空すごろく,ビデオシステム,8900
1995/1/27,ウルヴァリン,アクレイムジャパン,10900
1995/1/27,パチンコ物語2〜名古屋シャチホコの帝王〜,KSS,9800
1995/1/27,みらくるカジノパラダイス,カロッツェリアジャパン,9800
1995/2/3,放課後 in Beppin 女学院,イマジニア,9980
1995/2/10,機動戦士ガンダム CROSS DIMENSION 0079,バンダイ,9800
1995/2/10,さいばらりえこのまあじゃんほうろうき,タイトー,9800
1995/2/10,ザ・心理ゲーム2〜マジカルトリップ〜,ヴィジット,8800
1995/2/10,だるま道場,DEN'Z,8800
1995/2/10,アイアンコマンドー,ポッポ,9800
1995/2/10,ジャムズ,カロッツェリアジャパン,7800
1995/2/17,ヤムヤム,バンダイ,9800
1995/2/17,提督の決断II,光栄,14800
1995/2/17,ファイターズヒストリー 〜溝口危機一髪!!〜,データイースト,9900
1995/2/17,柏木重孝のトップウォーターバッシング,バップ,14800
1995/2/17,タイムコップ,ビクターエンタテインメント,9800
1995/2/17,銀玉親方の実戦パチンコ必勝学,サミー,10500
1995/2/17,チェスマスター,アルトロン,9800
1995/2/19,魔神転生II,アトラス,10800
1995/2/24,テレビアニメ スラムダンク2,バンダイ,10800
1995/2/24,美少女戦士セーラームーンS くるっくりん,バンダイ,6800
1995/2/24,実況パワフルプロ野球2,コナミ,9980
1995/2/24,フロントミッション,スクウェア,11400
1995/2/24,エストポリス伝記II,タイトー,9980
1995/2/24,バトルピンボール,バンプレスト,10800
1995/2/24,ファーランドストーリー,バンプレスト,10800
1995/2/24,クラシック・ロードII,ビクターエンタテインメント,12800
1995/2/24,首都高バトル2,BPS,9800
1995/2/24,将棋倶楽部,ヘクト,8800
1995/2/24,NFL クォーターバッククラブ'95,アクレイムジャパン,11800
1995/2/24,NBA JAM トーナメントエディション,アクレイムジャパン,11800
1995/2/24,ターフメモリーズ,ベック,11600
1995/2/24,NAGE LIBRE 静寂の水深,バリエ,9800
1995/2/24,スーパードリフトアウト,ビスコ,9980
1995/2/24,HEIWAパチンコワールド,ショウエイシステム,9900
1995/2/25,永遠のフィレーナ,徳間書店インターメディア,9800
1995/2/25,おとぼけ忍者コロシアム,インテック,8800
1995/3/1,スーパーボンバーマン ぱにっくボンバーW,ハドソン,8900
1995/3/3,スーパーファミスタ4,ナムコ,9500
1995/3/3,スーパーエアダイバー2,アスミック,9800
1995/3/3,アンダーカバーコップス,バリエ,9800
1995/3/4,ラストバイブルIII,アトラス,10800
1995/3/4,スーパーマッドチャンプ,ツクダオリジナル,9600
1995/3/10,マジカルポップン,パックインビデオ,9800
1995/3/11,クロノ・トリガー,スクウェア,11400
1995/3/17,Jリーグスーパーサッカー'95 実況スタジアム,ハドソン,9980
1995/3/17,キャプテンコマンドー,カプコン,9800
1995/3/17,第4次スーパーロボット大戦,バンプレスト,12800
1995/3/17,バトルレーサーズ,バンプレスト,9800
1995/3/17,熱血大陸バーニングヒーローズ,エニックス,10800
1995/3/17,スーパー雀豪,ビクターエンタテインメント,9800
1995/3/17,スパイダーマン リーサルフォーズ,エポック社,9800
1995/3/17,負けるな!魔剣道2,データム・ポリスター,9500
1995/3/17,ラブクエスト,徳間書店インターメディア,9800
1995/3/17,スプリンター物語〜めざせ一攫千金〜,バップ,12800
1995/3/17,スーパーボンブリス,BPS,7500
1995/3/17,おらがランド主催 ベストファーマー収穫祭,ビック東海,7800
1995/3/17,スーパーピンボール2〜ザ・アメージングオデッセイ〜,メルダック,9800
1995/3/18,ウイニングポスト2,光栄,12800
1995/3/21,ターフヒーロー,テクモ,12800
1995/3/24,ドラゴンボールZ 超悟空伝 -突激編-,バンダイ,10800
1995/3/24,幽☆遊☆白書FINAL〜魔界最強列伝〜,ナムコ,9800
1995/3/24,ロックマン7 宿命の対決!,カプコン,9800
1995/3/24,必殺パチンココレクション2,サンソフト,9980
1995/3/24,高速思考将棋皇,イマジニア,12800
1995/3/24,ジ・アトラス,パックインビデオ,10800
1995/3/24,スーパー馬券王'95,テイチク,9980
1995/3/25,エミットvol.1,光栄,11800
1995/3/25,エミットvol.2,光栄,11800
1995/3/25,エミットvol.3,光栄,11800
1995/3/30,京楽・三洋・豊丸 parlor!パーラー!,日本テレネット,11800
1995/3/30,復刻版 スーパー三國志II,光栄,9800
1995/3/31,RPGツクール SUPER DANTE,アスキー,9800
1995/3/31,スーパーフォーメーションサッカー'95 della セリエA,ヒューマン,9980
1995/3/31,ミッキーマニア,カプコン,9500
1995/3/31,エスパークス 異時空からの来訪者,トミー,9500
1995/3/31,ザ・モノポリーゲーム2,トミー,11500
1995/3/31,羽生名人のおもしろ将棋,トミー,12000
1995/3/31,旧約・女神転生,アトラス,10800
1995/3/31,であえ殿様 あっぱれ一番,サンソフト,9800
1995/3/31,近代麻雀スペシャル,イマジニア,9800
1995/3/31,将棋・麻雀,バリエ,9800
1995/3/31,史上最強リーグセリエA Ace Striker,TNN,9980
1995/4/1,レディストーカー 〜過去からの挑戦〜,タイトー,9980
1995/4/7,全日本プロレス2 3・4武闘館,日本コンピュータシステム,10800
1995/4/14,ぱずるんでス!,日本物産,8980
1995/4/14,レス アルカナ,ココナッツジャパンエンターテイメント,9500
1995/4/21,ママレード・ボーイ,バンダイ,9800
1995/4/21,魔法陣グルグル,エニックス,10800
1995/4/21,タクティカルサッカー,エレクトロニックアーツビクター,9800
1995/4/21,なつきクライシスバトル,エンジェル,10800
1995/4/21,真・聖刻,ユタカ,9800
1995/4/21,新SD戦国伝 大将軍列伝,ベック,9800
1995/4/21,スーパーリアル麻雀PV パラダイス オールスター4人打ち,セタ,9800
1995/4/21,リジョイス〜アレサ王国の彼方〜,やのまん,9900
1995/4/21,宮路社長のパチンコファン勝利宣言2,POW,9800
1995/4/21,スーパートランプコレクション,ボトムアップ,8900
1995/4/28,スーパーボンバーマン3,ハドソン,8900
1995/4/28,スーパーパチンコ大戦,バンプレスト,6900
1995/4/28,牌勢麻雀 凌駕,アスキー,12800
1995/4/28,プラネットチャンプ TG3000,コトブキシステム,9500
1995/4/28,Jリーグエキサイトステージ'95,エポック社,9800
1995/4/28,川のぬし釣り2,パックインビデオ,10800
1995/4/28,シミュレーションプロ野球,ヘクト,12800
1995/4/28,トゥルーライズ,アクレイムジャパン,10900
1995/4/28,3次元格闘ボールズ,メディアリング,9800
1995/4/28,タロットミステリー,ヴィジット,9800
1995/4/28,初段位認定 初段プロ麻雀,ギャップス,9800
1995/4/28,ストーンプロテクターズ,コトブキシステム,9800
1995/5/19,シンジケート,エレクトロニックアーツビクター,9800
1995/5/19,スーパー競馬2,アイマックス,11800
1995/5/19,バトルタイクーン,ライトスタッフ,10980
1995/5/19,スヌーピーコンサート,三井不動産/電通,9800
1995/5/26,シムシティ2000,イマジニア,12800
1995/5/26,す〜ぱ〜なぞぷよ ルルーのルー,バンプレスト,9200
1995/5/26,コンピュータ脳力解析ウルトラ馬券,カルチャーブレーン,12800
1995/5/26,グール・パトロール,ビクターエンタテインメント,8800
1995/5/26,ニチブツアーケードクラシックス,日本物産,5980
1995/5/26,パチンコ連チャン天国,バップ,9800
1995/5/26,早指し二段 森田将棋2,セタ,14900
1995/5/26,ウォーロック,アクレイムジャパン,10900
1995/5/26,スターゲート,アクレイムジャパン,10900
1995/5/26,スパークワールド,DEN'Z,8500
1995/6/2,真髄対局囲碁仙人,J・WING,15500
1995/6/9,エルファリアII ザ・クエスト・オブ・ザ・メルド,ハドソン,9980
1995/6/9,妖怪バスター ルカの大冒険,角川書店,10800
1995/6/10,本家・SANKYO FEVER 実機シミュレーション,DEN'Z,10800
1995/6/16,夜光虫,アテナ,10800
1995/6/23,実戦競艇,イマジニア,11800
1995/6/23,ルインアーム,バンダイ,10800
1995/6/23,Mr. Do!,イマジニア,5980
1995/6/23,Pマン,コトブキシステム,9200
1995/6/23,アースワーム・ジム,タカラ,9800
1995/6/23,スーパー・スター・ウォーズ ジェダイの復讐,ビクターエンタテインメント,10800
1995/6/23,トランプアイランド,パックインビデオ,8900
1995/6/23,プリンセス・ミネルバ,ビック東海,9900
1995/6/23,西陣パチンコ物語,KSS,10800
1995/6/30,とっても!ラッキーマン,バンダイ,8800
1995/6/30,グランヒストリア 〜幻史世界記〜,バンプレスト,11400
1995/6/30,スーパーファイヤープロレスリング クイーンズスペシャル,ヒューマン,11400
1995/6/30,大物ブラックバスフィッシング人造湖編,アクレイムジャパン,12800
1995/6/30,プロ麻雀 極III,アテナ,9800
1995/6/30,スーパー競艇,日本物産,9500
1995/6/30,ガメラ ギャオス撃滅作戦,サミー,9980
1995/6/30,リトルマスター〜虹色の魔石〜,徳間書店インターメディア,9900
1995/6/30,新日本プロレスリング公認'95 闘強導夢 BATTLE7,バリエ,11800
1995/6/30,サーキットUSA,VIET,9800
1995/6/30,デア ラングリッサー,メサイア,10800
1995/6/30,復刻版 提督の決断,光栄,9800
1995/7/7,キャラバンシューティングコレクション,ハドソン,6800
1995/7/7,真・一攫千金,バップ,9800
1995/7/7,できたてハイスクール,BPS,9990
1995/7/7,実戦パチスロ必勝法クラシック,サミー,9500
1995/7/7,スーパーF1サーカス外伝,日本物産,9900
1995/7/7,パチンコチャレンジャー,カロッツェリアジャパン,9800
1995/7/7,史記英雄伝,アウトリガー工房,10800
1995/7/14,ミスティックアーク,エニックス,11800
1995/7/14,ピットフォール マヤの大冒険,ポニーキャニオン,9800
1995/7/14,KAT'S RUN 全日本K力ー選手権,アトラス,10800
1995/7/14,甲子園4,魔法,9800
1995/7/14,ラプラスの魔,ビック東海,9900
1995/7/14,攻略カジノバー,日本物産,7800
1995/7/14,スーパー競輪,アイマックス,9800
1995/7/14,4人将棋,POW,9800
1995/7/21,悪魔城ドラキュラXX,コナミ,9800
1995/7/21,GO GO アックマン2,バンプレスト,9500
1995/7/21,ダンクエスト 魔神封印の伝説,テクノスジャパン,9900
1995/7/21,らんま1/2 奥義邪暗拳,東宝/小学館プロダクション,8800
1995/7/21,ビッグ一撃!パチスロ大攻略2〜ユニバーサルコレクション〜,アスク,10800
1995/7/21,将棋最強,魔法,14800
1995/7/21,スーパーヴァリアブル・ジオ,TGL,9980
1995/7/21,武豊 G1メモリー,NGP,12800
1995/7/28,超原人2,ハドソン,8900
1995/7/28,ウルティマ 恐竜帝国,ポニーキャニオン,9800
1995/7/28,忍たま乱太郎,カルチャーブレーン,9800
1995/7/28,インディ・ジョーンズ,ビクターエンタテインメント,10800
1995/7/28,ウルトラリーグ,ユタカ,9800
1995/7/28,就職ゲーム,イマジニア,11800
1995/7/28,ポポイっとへべれけ,サンソフト,8900
1995/7/28,麻雀繁盛記,日本物産,6800
1995/7/28,バスマスターズクラシック,アルトロン,11800
1995/7/28,エメラルドドラゴン,メディアワークス,9800
1995/7/28,キャリアエース,ユーメディア,12800
1995/8/4,Jリーグサッカー プライムゴール3,ナムコ,9800
1995/8/4,鬼神童子 ZENKI 烈闘雷伝,ハドソン,9980
1995/8/4,超魔法大陸WOZZ,BPS,10800
1995/8/4,稲妻サーブだ!スーパービーチバレー,VIET,9800
1995/8/4,学校であった怖い話,バンプレスト,11800
1995/8/5,スーパーマリオ ヨッシーアイランド,任天堂,9800
1995/8/10,スーパーパワーリーグ3,ハドソン,9980
1995/8/11,すーぱーぐっすんおよよ,バンプレスト,9980
1995/8/11,ブランディッシュ2,光栄,10800
1995/8/11,天地を喰らう 三国志群雄伝,カプコン,12800
1995/8/11,ゲームの達人,サンソフト,12800
1995/8/11,忍者龍剣伝 巴,テクモ,7980
1995/8/11,ブラックソーン 復讐の黒き棘,コトブキシステム,9400
1995/8/11,ドナルドダックの魔法のぼうし,エポック社,9800
1995/8/11,ファイティングベースボール,ココナッツジャパンエンターテイメント,9400
1995/8/11,武宮正樹九段の囲碁大将,KSS,14800
1995/8/25,実戦!バスフィッシング必勝法 IN USA,サミー,9800
1995/8/25,松方弘樹のスーパートローリング,トンキンハウス,9900
1995/8/25,ころんらんど,ユーメディア,6800
1995/8/25,ザ・心理ゲーム3,ヴィジット,9800
1995/8/25,魔獣王,KSS,10800
1995/8/25,京楽・三洋・豊丸・奥村・大一・マルホン Parlor!パーラー!2,日本テレネット,11800
1995/8/25,ヒューマングランプリ4 F1ドリームバトル,ヒューマン,11400
1995/9/1,バトルロボット烈伝,バンプレスト,12800
1995/9/1,柿木将棋,アスキー,12800
1995/9/8,スーパー人生ゲーム2,タカラ,9800
1995/9/8,バウンティ・ソード,パイオニアLDC,11400
1995/9/14,マリオのスーパーピクロス,任天堂,7900
1995/9/14,クロックタワー,ヒューマン,11400
1995/9/14,桜井章一の雀鬼流麻雀必勝法,サミー,9980
1995/9/15,スーパー鉄球ファイト!,バンプレスト,9000
1995/9/15,アリスのペイントアドベンチャー,エポック社,8800
1995/9/15,センド・アンドリュース,エポック社,9800
1995/9/15,必勝777ファイターIII,バップ,10800
1995/9/22,ドラゴンボールZ 超悟空伝 -覚醒編-,バンダイ,10800
1995/9/22,四柱推命学入門 真桃源郷,バンプレスト,11800
1995/9/22,陳牌,バンプレスト,7800
1995/9/22,美少女戦士セーラームーン〜Another Story〜,エンジェル,11800
1995/9/22,ジャングルストライク,エレクトロニックアーツビクター,9900
1995/9/22,新・将棋倶楽部,ヘクト,12800
1995/9/22,朝日新聞連載加藤一二三九段将棋 心技流,バリエ,12300
1995/9/22,超兄貴 爆烈乱闘篇,日本コンピュータシステム,11800
1995/9/22,実況ワールドサッカー2 FIGHTING ELEVEN,コナミ,9980
1995/9/29,NBA実況バスケットウイニングダンク,コナミ,10800
1995/9/29,常勝麻雀 天牌,エニックス,8900
1995/9/29,ウィザードリィVI,アスキー,12800
1995/9/29,サージェント・サンダース・コンバット!,アスキー,12800
1995/9/29,ヴェルヌワールド,バンプレスト,11800
1995/9/29,ノーマーク爆牌党,エンジェル,10800
1995/9/29,メタルマックスリターンズ,データイースト,12800
1995/9/29,魔法騎士レイアース,トミー,9800
1995/9/29,ダービージョッキー2,アスミック,9800
1995/9/29,火の皇子 ヤマトタケル,東宝,10800
1995/9/29,ウェディングピーチ,KSS,9800
1995/9/29,平安風雲伝,KSS,11800
1995/9/29,A列車で行こう3 スーパーバージョン,パックインビデオ,10800
1995/9/29,ホーリーアンブレラ,ナグザット,9800
1995/9/29,HEIWAパチンコワールド2,ショウエイシステム,10800
1995/9/29,美食戦隊薔薇野郎,ヴァージンインタラクティブエンターテインメント,9800
1995/9/29,全日本GT選手権,KANEKO,9980
1995/9/29,ハーメルンのバイオリン弾き,エニックス,9600
1995/9/30,聖剣伝説3,スクウェア,11400
1995/10/6,すぱぽ〜ん,ユタカ,5800
1995/10/6,激闘バーニングプロレス,BPS,10800
1995/10/6,タクティクスオウガ,クエスト,11400
1995/10/6,神聖紀オデッセリアII,ビック東海,10800
1995/10/13,ハイパーイリア,バンプレスト,9600
1995/10/13,ゲームの鉄人 THE上海,サンソフト,9980
1995/10/20,天地創造,エニックス,11800
1995/10/20,マジカルドロップ,データイースト,8500
1995/10/20,RINGS〜アストラルバウト3〜,キングレコード,9800
1995/10/20,スーパー花札2,アイマックス,9800
1995/10/27,パネルでポン,任天堂,5800
1995/10/27,テレビアニメ スラムダンク SDヒートアップ!!,バンダイ,9800
1995/10/27,クリスタル ビーンズ フロム ダンジョンエクスプローラー,ハドソン,9500
1995/10/27,白いリングへ,ポニーキャニオン,9980
1995/10/27,天地無用!げ〜む編,バンプレスト,10800
1995/10/27,ウルトラベースボール実名版3,カルチャーブレーン,9800
1995/10/27,魔天伝説,タカラ,10800
1995/10/27,ジャスティス・リーグ,アクレイムジャパン,11800
1995/10/27,ジャッジ・ドレッド,アクレイムジャパン,10900
1995/10/27,バットマン フォーエヴァー,アクレイムジャパン,11800
1995/10/27,フォアマン フォー リアル,アクレイムジャパン,11800
1995/10/27,ライトファンタジーII,トンキンハウス,9900
1995/10/27,SD F-1グランプリ,ビデオシステム,10900
1995/10/27,麻雀飛翔伝 真 哭きの竜,ベック,8900
1995/10/27,パチスロ物語 パル工業スペシャル,KSS,10800
1995/10/27,ガンガンガンチャン,マジファクト,8800
1995/11/2,紺碧の艦隊,エンジェル,10800
1995/11/2,必殺パチンココレクション3,サンソフト,8980
1995/11/10,全国縦断ウルトラ心理ゲーム,ヴィジット,9800
1995/11/11,ロマンシング サ・ガ3,スクウェア,11400
1995/11/17,キャプテン翼J,バンダイ,9800
1995/11/17,ロゴスパニック ごあいさつ,ユタカ,9800
1995/11/17,上海 万里の長城,サンソフト,9800
1995/11/17,新スタートレック,徳間書店,9800
1995/11/17,全国高校サッカー2,四次元,9800
1995/11/17,レンダリング・レンジャーR2,VIET,10800
1995/11/17,ブロックくずし,POW,5980
1995/11/21,スーパードンキーコング2 ディディー&ディクシー,任天堂,9800
1995/11/24,マイティ・モーフィン・パワーレンジャー,バンダイ,9980
1995/11/24,鬼神童子 ZENKI 電影雷舞,ハドソン,9980
1995/11/24,スーパー億万長者ゲーム,タカラ,9800
1995/11/24,魔女たちの眠り,パックインビデオ,10800
1995/11/24,リーディングジョッキー2,カロッツェリアジャパン,9800
1995/11/25,ゼロヨンチャンプRR-Z,メディアリング,11900
1995/12/1,ちびまる子ちゃん めざせ!南のアイランド!!,コナミ,9000
1995/12/1,ロックマンX3,カプコン,9800
1995/12/1,不思議のダンジョン2 風来のシレン,チュンソフト,11800
1995/12/1,おーちゃんのお絵かきロジック,サンソフト,6980
1995/12/1,ドカポン外伝〜炎のオーディション〜,アスミック,8800
1995/12/1,ビッグハート ベースボール,アクレイムジャパン,11800
1995/12/1,パチ夫くんSPECIAL3,ココナッツジャパンエンターテイメント,10800
1995/12/1,B.B.GUN(ボール・ブレット・ガン),アイマックス,11800
1995/12/8,美少女戦士セーラームーンSuperS ふわふわパニック,バンダイ,7980
1995/12/8,スーパー桃太郎電鉄DX,ハドソン,9500
1995/12/8,ミッキーとドナルド マジカルアドベンチャー3,カプコン,9800
1995/12/8,アンジェリーク プレミアムBOX,光栄,9800
1995/12/8,クロックワークス,徳間書店,7800
1995/12/8,す〜ぱ〜ぷよぷよ通,コンパイル,8800
1995/12/8,MASTERS New 遙かなるオーガスタ3,T&Eソフト,11800
1995/12/8,アメリカンバトルドーム,ツクダオリジナル,9800
1995/12/9,ドラゴンクエストVI 幻の大地,エニックス,11800
1995/12/15,テイルズ オブ ファンタジア,ナムコ,8800
1995/12/15,実況おしゃべりパロディウス,コナミ,9980
1995/12/15,商人よ、大志を抱け!!,バンダイ,9800
1995/12/15,GO GO アックマン3,バンプレスト,9800
1995/12/15,エミット バリューセット,光栄,19800
1995/12/15,ドラえもん4 のび太と月の王国,エポック社,9500
1995/12/15,テーマパーク,エレクトロニックアーツビクター,11800
1995/12/15,ニチブツアーケードクラシック2 平安京エイリアン,日本物産,5980
1995/12/15,プリンセスメーカー〜Legend of Another World〜,タカラ,9980
1995/12/15,もってけ Oh!ドロボー,データイースト,9800
1995/12/15,聖獣魔伝ビースト&ブレイド,BPS,11000
1995/12/15,JBザ・スーパーバス,NGP,11800
1995/12/15,スーパーブラックバス3,スターフィッシュデータ,11800
1995/12/15,本家・SANKYO FEVER 実機シミュレーション2,BOSSコミュニケーション,10800
1995/12/20,水木しげるの妖怪百鬼夜行,KSS,11800
1995/12/22,SDガンダム GNEXT,バンダイ,12800
1995/12/22,がんばれゴエモン きらきら道中〜僕がダンサーになった理由〜,コナミ,9980
1995/12/22,天外魔境ZERO,ハドソン,9980
1995/12/22,ザ・グレイトバトルV,バンプレスト,9800
1995/12/22,3×3EYES〜獣魔奉還〜,バンプレスト,10800
1995/12/22,戦国の覇者 天下布武への道,バンプレスト,12800
1995/12/22,ファーランドストーリー2,バンプレスト,12800
1995/12/22,ファイナルファイト タフ,カプコン,9980
1995/12/22,スーパーファイヤープロレスリングX,ヒューマン,11900
1995/12/22,スーパーチャイニーズワールド3,カルチャーブレーン,9800
1995/12/22,テクモスーパーボウルIII FINAL EDITION,テクモ,12800
1995/12/22,月面のアヌビス,イマジニア,11800
1995/12/22,ざくろの味,イマジニア,11800
1995/12/22,バトルサブマリン,パックインビデオ,9800
1995/12/22,黄龍の耳,バップ,9980
1995/12/22,ロードス島戦記,角川書店,10800
1995/12/22,将棋三昧,VIET,9800
1995/12/27,最強 高田延彦,ハドソン,10900
1995/12/28,三國志英傑伝,光栄,12800
1995/12/29,大爆笑!!人生劇場 〜ずっこけサラリーマン編〜,タイトー,9800
1995/12/29,イースV 失われた砂の都ケフィン,日本ファルコム,12800
1995/12/29,スーパー将棋3 〜棋太平〜,アイマックス,12800
1995/12/29,京楽・三洋・豊丸・奥村・大一・マルホン Parlor!パーラー!IV CR,日本テレネット,11800
1995/12/29,対局囲碁 韋駄天,BPS,14800
1996/1/12,魔導物語 はなまる大幼稚園児,徳間書店インターメディア,9900
1996/1/19,的中競馬塾,バンプレスト,9980
1996/1/19,磯釣り離島編,パックインビデオ,10800
1996/1/19,京楽・三洋・豊丸・奥村・大一・マルホン Parlor!パーラー!3,日本テレネット,11800
1996/1/26,SDガンダム Power Formation Puzzle,バンダイ,8800
1996/1/26,スーパー野球道,バンプレスト,12800
1996/1/26,信長の野望・天翔記,光栄,12800
1996/1/26,囲碁倶楽部,ヘクト,12800
1996/1/26,MADARA SAGA 幼稚園戦記まだら,データム・ポリスター,9800
1996/1/26,無人島物語,KSS,12800
1996/1/26,平成軍人将棋,カロッツェリアジャパン,9800
1996/1/31,RPGツクール2,アスキー,12800
1996/2/2,幕末降臨伝ONI,バンプレスト,12800
1996/2/9,ときめきメモリアル 伝説の樹の下で,コナミ,9980
1996/2/9,バハムートラグーン,スクウェア,11400
1996/2/9,将棋最強II,魔法,10800
1996/2/16,プロ棋士人生シミュレーション 将棋の花道,アトラス,12800
1996/2/23,ガンハザード,スクウェア,11400
1996/2/23,鬼神童子 ZENKI 天地鳴動,ハドソン,9980
1996/2/23,バトルテック3050,アスク,9800
1996/2/29,スーパーファミスタ5,ナムコ,6980
1996/2/29,実況パワフルプロ野球3,コナミ,7500
1996/3/1,機動戦士Ζガンダム AWAY TO THE NEWTYPE,バンダイ,11800
1996/3/1,鮫亀,ハドソン,8980
1996/3/1,晦-つきこもり,バンプレスト,7800
1996/3/1,ドゥーム,イマジニア,12800
1996/3/1,NFL クォーターバッククラブ'96,アクレイムジャパン,11800
1996/3/1,レッスルマニア・ジ・アーケードゲーム,アクレイムジャパン,11800
1996/3/1,レボリューションX,アクレイムジャパン,11800
1996/3/8,銀河戦国群雄伝ライ,エンジェル,10800
1996/3/8,す〜ぱ〜ぷよぷよ通 リミックス,コンパイル,6800
1996/3/8,実戦パチンコ必勝法!2,サミー,7800
1996/3/9,スーパーマリオRPG,任天堂/スクウェア,7500
1996/3/15,カオスシード〜風水回廊記〜,タイトー,9980
1996/3/15,ダービースタリオン96,アスキー,12800
1996/3/15,ブランディッシュ2 エキスパート,光栄,8800
1996/3/15,峠・伝説 最速バトル,BPS,10800
1996/3/21,星のカービィ スーパーデラックス,任天堂,7500
1996/3/22,実況競馬シミュレーション ステイブルスター〜厩舎物語〜,コナミ,11800
1996/3/22,ドレミファンタジー ミロンのドキドキ大冒険,ハドソン,6800
1996/3/22,スーパーロボット大戦外伝 魔装機神 THE LORD OF ELEMENTAL,バンプレスト,7800
1996/3/22,イースV エキスパート,光栄,11800
1996/3/22,NEWヤッターマン,ユタカ,8800
1996/3/22,ギャンブル放浪記,バップ,8500
1996/3/22,'96全国高校サッカー選手権,魔法,7800
1996/3/22,林海峯九段の囲碁大道,アスク,14800
1996/3/29,SDガンダム GNEXT専用ロムパック&マップコレクション,バンダイ,3800
1996/3/29,新機動戦記ガンダムW,バンダイ,7500
1996/3/29,ドラゴンボールZ HYPER DIMENSION,バンダイ,7800
1996/3/29,それいけエビス丸 からくり迷路,コナミ,5800
1996/3/29,アンジェリーク ヴォイス・ファンタジー,光栄,9800
1996/3/29,スーパーファイヤープロレスリングX プレミアム,ヒューマン,8000
1996/3/29,スーパーフォーメーションサッカー'96,ヒューマン,7500
1996/3/29,美少女戦士セーラームーンSuperS 全員参加!! 主役争奪戦,エンジェル,7800
1996/3/29,忍たま乱太郎2,カルチャーブレーン,7800
1996/3/29,GTレーシング,イマジニア,8500
1996/3/29,美少女レスラー列伝 ブリザードYuki乱入!!,KSS,8000
1996/3/29,京楽・三洋・マルホン ParLor!5,日本テレネット,11800
1996/4/5,ルドラの秘宝,スクウェア,8000
1996/4/5,実戦パチスロ必勝法!山佐伝説,サミー,6900
1996/4/12,魔法陣グルグル2,エニックス,8000
1996/4/12,音楽ツクール かなでーる,アスキー,9980
1996/4/19,蓬莱学園の冒険! 転校生スクランブル,J・ウイング,7980
1996/4/26,スーパーボンバーマン4,ハドソン,7777
1996/4/26,トイ・ストーリー,カプコン,7500
1996/4/26,Jリーグエキサイトステージ'96,エポック社,7980
1996/4/26,スーパー競艇2,日本物産,8500
1996/4/26,ジャンピンダービー,ナグザット,9800
1996/4/26,パーラー!ミニ,日本テレネット,4900
1996/4/26,HEIWAパチンコワールド3,ショウエイシステム,7800
1996/4/26,一発逆転!!競馬・競輪・競艇,POW,9800
1996/5/14,ファイアーエムブレム 聖戦の系譜,任天堂,7500
1996/5/24,すーぱーぐっすんおよよ2,バンプレスト,7800
1996/5/24,トレジャーハンターG,スクウェア,7900
1996/5/24,ごきんじょ冒険隊,パイオニアLDC,7980
1996/5/31,サウンドノベルツクール,アスキー,8200
1996/5/31,ダークハーフ,エニックス,8000
1996/5/31,すぱぽ〜んDX,ユタカ,5800
1996/5/31,フィッシング甲子園,キングレコード,9800
1996/6/1,Jリーグ'96ドリームスタジアム,ハドソン,7980
1996/6/14,ベストショットプロゴルフ,アスキー,8200
1996/6/14,アラビアンナイト 砂漠の精霊王,タカラ,7800
1996/6/28,空想科学世界ガリバーボーイ,バンダイ,7800
1996/6/28,トラバース,バンプレスト,7800
1996/6/28,す〜ぱ〜なぞぷよ通 ルルーの鉄腕繁盛記,コンパイル,9800
1996/6/28,忍たま乱太郎 忍術学園パズル大会の段,カルチャーブレーン,6980
1996/6/28,西陣パチンコ物語2,KSS,10800
1996/6/28,パーラー!ミニ2,日本テレネット,4900
1996/6/28,スーファミターボ専用 SDウルトラバトル ウルトラマン伝説,バンダイ,3980
1996/6/28,スーファミターボ専用 SDウルトラバトル セブン伝説,バンダイ,3980
1996/6/28,スーファミターボ専用 ぽいぽい忍者ワールド,バンダイ,3980
1996/7/19,スターオーシャン,エニックス,8500
1996/7/19,海のぬし釣り,パックインビデオ,7800
1996/7/19,実況パワフルプロ野球'96 開幕版,コナミ,7500
1996/7/19,スーパートランプコレクション2,ボトムアップ,5800
1996/7/19,スーファミターボ専用 ゲゲゲの鬼太郎 妖怪ドンジャラ,バンダイ,3980
1996/7/26,アースライト ルナ・ストライク,ハドソン,7980
1996/7/26,エナジーブレイカー,タイトー,7800
1996/7/26,シムシティJr.,イマジニア,8200
1996/7/26,レナスII 封印の使徒,アスミック,9980
1996/7/26,スプリガン・パワード,ナグザット,9800
1996/7/26,テーブルゲーム大集合!将棋・麻雀・花札・トゥーサイド,バリエ,6800
1996/7/26,スーファミターボ専用 SDガンダムジェネレーション 一年戦争記,バンダイ,3980
1996/7/26,スーファミターボ専用 SDガンダムジェネレーション グリプス戦記,バンダイ,3980
1996/8/2,大貝獣物語II,ハドソン,8200
1996/8/9,スーパーパワーリーグ4,ハドソン,7980
1996/8/9,忍たま乱太郎 すぺしゃる,カルチャーブレーン,8800
1996/8/9,赤ずきんチャチャ,トミー,7800
1996/8/9,牧場物語,パックインビデオ,7800
1996/8/23,スーファミターボ専用 SDガンダムジェネレーション アクシズ戦記,バンダイ,3980
1996/8/23,スーファミターボ専用 SDガンダムジェネレーション バビロニア建国戦記,バンダイ,3980
1996/8/23,スーファミターボ専用 激走戦隊カーレンジャー 全開! レーサー戦士,バンダイ,3980
1996/8/24,古田敦也のシミュレーションプロ野球2,ヘクト,8000
1996/8/30,大戦略エキスパートWWII,アスキー,9800
1996/8/30,必殺パチンココレクション4,サンソフト,9980
1996/8/30,ナンバーズパラダイス,アクレイムジャパン,8800
1996/8/30,本家SANKYO FEVER 実機シミュレーション3,BOSSコミュニケーションズ,7480
1996/9/13,実況パワープロレスリング'96 マックスボルテージ,コナミ,7980
1996/9/13,ベブルビーチの波濤New トーナメントエディション,T&Eソフト,8000
1996/9/20,ウィザードリィ・外伝IV 胎魔の鼓動,アスキー,8000
1996/9/20,マジカルドロップ2,データイースト,7800
1996/9/27,スーパーニチブツマージャン4 基礎研究篇,日本物産,7500
1996/9/27,モンスタニア,パックインビデオ,7800
1996/9/27,パーラー!ミニ3,日本テレネット,4900
1996/9/27,スーファミターボ専用 SDガンダムジェネレーション ザンスカール戦記,バンダイ,3980
1996/9/27,スーファミターボ専用 SDガンダムジェネレーション コロニー格闘記,バンダイ,3980
1996/9/27,スーファミターボ専用 美少女戦士セーラームーン セーラースターズ ふわふわパニック2,バンダイ,3980
1996/9/27,スーファミターボ専用 クレヨンしんちゃん 長ぐつドボン,バンダイ,3980
1996/10/4,ウイニングポスト2 プログラム'96,光栄,9800
1996/10/18,サラブレッドブリーダーIII,ヘクト,8200
1996/10/18,マーヴルスーパーヒーローズ ウォーオブザジェム,カプコン,7800
1996/10/25,タワードリーム,アスキー,8000
1996/10/26,マーヴェラス 〜もうひとつの宝島〜,任天堂,6800
1996/11/23,スーパードンキーコング3 謎のクレミス島,任天堂,6800
1996/11/29,スーパー人生ゲーム3,タカラ,5980
1996/11/29,ニチブツコレクション1,日本物産,7980
1996/11/29,パーラー!ミニ4,日本テレネット,5800
1996/11/29,VS.コレクション,ボトムアップ,6980
1996/12/6,ドラゴンクエストIII そして伝説へ…,エニックス,8700
1996/12/6,桃太郎電鉄HAPPY,ハドソン,8300
1996/12/19,すごろく銀河戦記,ボトムアップ,6980
1996/12/20,ストリートファイターZERO2,カプコン,7800
1996/12/20,ドナルドダックのマウイマラード,カプコン,7500
1996/12/20,ボンバーマンビーダマン,ハドソン,5980
1996/12/20,ミニ四駆 シャイニングスコーピオンレッツ&ゴー!!,アスキー,8800
1996/12/20,G.O.D 目覚めよと呼ぶ声が聴こえ,イマジニア,7980
1996/12/20,クオンパ SFC,T&Eソフト,6800
1996/12/20,西陣パチンコ3,KSS,7800
1996/12/20,ピノキオ,カプコン,7500
1996/12/27,ドラゴンナイト4,バンプレスト,7980
1996/12/27,ニチブツコレクション2,日本物産,7980
1996/12/27,マスク,VIET,9800
1997/1/15,アルカノイド -Doh It Again-,タイトー,4980
1997/1/17,プロ野球スター,カルチャーブレーン,6800
1997/1/17,BUSHI青龍伝〜二人の勇者〜,T&Eソフト,7980
1997/1/31,ガンプル,アスキー,8300
1997/1/31,ピキーニャ!,アスキー,6800
1997/1/31,ミランドラ,アスキー,7800
1997/2/21,糸井重里のバス釣りNo.1,任天堂,7800
1997/2/28,スーパーボンバーマン5,ハドソン,6980
1997/2/28,忍たま乱太郎3,カルチャーブレーン,6980
1997/3/7,アニマニアックス,コナミ,5800
1997/3/7,パチスロ完全攻略〜ユニバーサル新台入荷Vol.1〜,日本シスコン,5980
1997/3/14,キャスパー,KSS,4980
1997/3/14,スーパーダブル役満II,バップ,7500
1997/3/15,実戦パチスロ必勝法!TWIN,サミー,5980
1997/3/20,実況パワフルプロ野球3 '97春,コナミ,6800
1997/3/28,ソリッドランナー,アスキー,8000
1997/3/28,ダークロウ 〜Meaning of Death〜,アスキー,8000
1997/3/28,パーラー!ミニ5,日本テレネット,4900
1997/4/18,プロ麻雀 兵,カルチャーブレーン,6980
1997/4/25,プロ野球熱闘ぱずるスタジアム,ココナッツジャパンエンターテイメント,7800
1997/5/16,加藤一二三九段 将棋倶楽部,ヘクト,4980
1997/5/30,パーラー!ミニ6,日本テレネット,4900
1997/8/1,ふね太郎,ビクターインタラクティブ/パックインソフト,7800
1997/8/29,パーラー!ミニ7,日本テレネット,4900
1997/9/12,実戦パチスロ必勝法!Twin Vol.2,サミー,5980
1997/12/1,平成 新・鬼ヶ島 前編,任天堂,3000
1997/12/11,平成 新・鬼ヶ島 後編,任天堂,3000
1997/12/1,同級生2,バンプレスト,2000
1997/12/19,爆球連発!! スーパービーダマン,ハドソン,4980
1998/1/1,レッキングクルー'98,任天堂,2000
1998/1/25,カービィのきらきらきっず,任天堂,2000
1998/1/30,HEIWA パーラー!ミニ8 パチンコ実機シミュレーションゲーム,日本テレネット,5200
1998/2/1,スーパーファミリーゲレンデ,ナムコ,2000
1998/3/1,スーパーパンチアウト!!,任天堂,2000
1998/3/19,実況パワフルプロ野球 BASIC版'98,コナミ,5800
1998/3/27,星のカービィ3,任天堂,4800
1998/4/1,ファミコン探偵倶楽部PartII うしろに立つ少女,任天堂,2000
1998/4/24,ロックマン&フォルテ,カプコン,5800
1998/5/1,スーパーファミコンウォーズ,任天堂,2000
1998/6/1,Dr.マリオ,任天堂,2000
1998/6/1,幻獣旅団,アクセラ,2000
1998/6/1,リングにかけろ,日本コンピューターシステム,2000
1998/7/1,ZOOっと麻雀!,任天堂,2000
1998/8/1,すってはっくん,任天堂,2000
1998/8/25,ダービースタリオン98,任天堂,6000
1998/10/1,ミニ四駆レッツ&ゴー!! POWER WGP2,任天堂,2000
1999/1/1,POWERロードランナー,任天堂,2000
1999/1/1,POWER倉庫番,任天堂,2000
1999/4/1,ピクロスNP Vol.1,任天堂,2000
1999/5/1,たまごっちタウン,バンダイ,2500
1999/6/1,お絵かきロジック,世界文化社,2000
1999/6/1,ピクロスNP Vol.2,任天堂,2000
1999/6/1,ウィザードリィI・II・III〜Story of Llylgamyn〜,メディアファクトリー,3000
1999/7/1,ファミコン文庫 はじまりの森,任天堂,2500
1999/8/1,ピクロスNP Vol.3,任天堂,2000
1999/8/1,コラムス,メディアファクトリー,2000
1999/9/1,ファイアーエムブレム トラキア776,任天堂,2500
1999/10/1,ピクロスNP Vol.4,任天堂,2000
1999/11/1,お絵かきロジック2,世界文化社,2000
1999/12/1,ピクロスNP Vol.5,任天堂,2000
2000/2/1,ピクロスNP Vol.6,任天堂,2000
2000/4/1,ピクロスNP Vol.7,任天堂,2000
2000/6/1,ピクロスNP Vol.8,任天堂,2000
2000/11/29,メタルスレイダーグローリー ディレクターズカット,任天堂,2000